Created At,Product Id,Product SKU,Product Title,Product Tags
2024-07-25T18:25:07+02:00,9399619715402,wp-00010000356,Inner fork tube set ALL MODELS 16-26,WP - Technical Accessories
2024-07-25T18:28:37+02:00,9399624859978,wp-00010000362,Front brake conversion kit 85 SX & 85 TC 18-20,WP - Pro Components
2024-07-25T18:24:01+02:00,9399618568522,wp-00010000413,Adjuster kit 125-450 SX/XC & 125-450 FC/FX/TC/TX 2023,WP - Technical Accessories
2025-01-09T12:18:38+01:00,9637535351114,wp-00010000415,Preload adjuster set,WP - Pro Components
2025-01-09T12:18:54+01:00,9637535547722,wp-00010000416,Preload adjuster set 150-500 EXC/EXC-F & 125-501 TE/FE/TX/FX 24-25,WP - Technical Accessories
2024-07-25T18:24:12+02:00,9399618699594,wp-00010000420,Piston ring set 125-450 SX/XC & 125-450 FC/FX/TC/TX 2023,WP - Technical Accessories
2024-07-25T18:41:01+02:00,9399639703882,wp-00029090200,Sag scale,"Out of stock, WP - Tool/transport"
2024-07-25T18:40:27+02:00,9399639179594,wp-00029996100,Torque wrench,WP - Tool/transport
2024-07-25T18:20:11+02:00,9399614570826,wp-00050000929,Handlebar mount kit,WP - Offroad
2024-07-25T18:56:41+02:00,9399653892426,wp-00062010053,Special grease AER Fork,WP - Special tools
2024-07-25T18:27:50+02:00,9399623090506,wp-0015080256s,Hexagonal bolt with external hexagon with collar M8x25,WP - Pro Components
2026-05-18T21:58:36+02:00,15665041670474,wp-0025080256s,Hexagonal bolt with external hexagon with collar M8x25,WP - Pro Components
2026-05-18T21:58:38+02:00,15665041768778,wp-0025080356,Hexagonal bolt with external hexagon with collar M8X35,WP - Pro Components
2026-05-18T21:58:41+02:00,15665041801546,wp-0025080406,Hexagonal bolt with external hexagon with collar M8X40 ISA 40,WP - Pro Components
2026-05-18T21:58:46+02:00,15665041965386,wp-0025080506,Hexagonal bolt with external hexagon with collar,WP - Pro Components
2024-07-25T18:11:18+02:00,9399602118986,wp-0251l101u400220,AER Conversion kit,WP - Pro Components
2024-07-25T18:10:36+02:00,9399600775498,wp-0472c104u203220,XACT PRO 7543 Spring fork,WP - Pro Components
2024-07-25T18:10:50+02:00,9399601529162,wp-0472c404u311220,XACT PRO 8946 Shock absorber,WP - Pro Components
2024-07-26T10:09:42+02:00,9400593613130,wp-0472c404u314220,XACT PRO 8946 Shock absorber 85 SX & 85 TC 21-24,WP - Offroad
2024-07-25T18:16:15+02:00,9399609655626,wp-0617c101u402220,APEX PRO 7548 Spring fork 1290 SUPER DUKE 20-23,WP - Fork
2024-07-25T18:16:28+02:00,9399609950538,wp-0761c141v002220,XPLOR PRO 6500 Cartridge 690/701 ENDURO 20-23,WP - Offroad
2024-07-25T18:16:50+02:00,9399610409290,wp-0797c167u002220,XPLOR PRO 6500 Cartridge 125-501 EXC & 125-500 EC/FE/TE/TX 17-23,WP - Offroad
2024-07-26T10:09:11+02:00,9400592925002,wp-0963c104w001220,"APEX PRO 6500 Cartridge 125-390 DUKE 24-25 & 401 SVARTPILEN, VITPILEN 24-25",WP - Cartridge
2024-07-26T10:09:48+02:00,9400593711434,wp-0963c404w313220,APEX PRO 6746 Shock absorber 125-390 DUKE 24-25,WP - Shock
2024-07-25T19:06:47+02:00,9399664705866,wp-1086001,Tool panel,WP - Special tools
2024-07-25T19:06:43+02:00,9399664640330,wp-1086002,Tool panel,WP - Special tools
2024-07-25T18:23:13+02:00,9399617749322,wp-12000l04,Preload Adjuster OEM PDS 125-500 EXC 2012,WP - Technical Accessories
2024-07-25T18:23:10+02:00,9399617716554,wp-12000l06,Preload Adjuster OEM PDS,WP - Technical Accessories
2024-07-25T18:23:07+02:00,9399617683786,wp-12000l07,Preload Adjuster Trax Link,WP - Technical Accessories
2024-07-25T18:23:20+02:00,9399617913162,wp-12000q04e,Preload Adjuster Trax PDS,WP - Technical Accessories
2024-07-25T18:17:53+02:00,9399611654474,wp-12180s08set,XPLOR PRO 6746 Shock absorber 790/890 ADVENTURE & 901 NORDEN 19-23,WP - Offroad
2024-07-25T18:17:56+02:00,9399611687242,wp-12180s10set,XPLOR PRO 6746 Shock absorber 790/890 ADVENTURE & 901 NORDEN 19-23,WP - Offroad
2024-07-25T18:15:42+02:00,9399608672586,wp-14182s08set,XPLOR PRO 7548 Spring fork 790/890 ADVENTURE 19-23 & 901 NORDEN 22-23,WP - Offroad
2024-07-25T18:15:45+02:00,9399608738122,wp-14182s10set,XPLOR PRO 7548 Spring fork 790/890 ADVENTURE 19-23 & 901 NORDEN 22-23,WP - Offroad
2024-07-25T18:10:57+02:00,9399601693002,wp-15060t11set,APEX PRO 7746 Shock absorber,WP - Pro Components
2024-07-25T18:19:36+02:00,9399613653322,wp-15180r81set,APEX PRO 6746 Shock absorber 790-890 DUKE 18-25 & 801 SVARTPILEN/VITPILEN 24-25,WP - Shock
2024-07-25T18:11:41+02:00,9399602479434,wp-15180t01set,APEX PRO 7746 Shock absorber,WP - Pro Components
2024-07-25T18:11:37+02:00,9399602381130,wp-15180t91set,APEX PRO 7746 Shock absorber,WP - Pro Components
2024-07-25T18:11:07+02:00,9399601889610,wp-15270q61set,APEX PRO 7746 Shock absorber,WP - Pro Components
2024-07-26T10:10:02+02:00,9400593973578,wp-16181t01e,APEX PRO 7117 Steering damper kit 1290 SUPER DUKE/KTMR2R 20-23,WP - Steering Damper
2024-07-25T18:17:49+02:00,9399611588938,wp-18150t67set,XPLOR PRO 8950 Shock absorber 150 TE / 501 FE 20-23,WP - Offroad
2024-07-25T18:11:01+02:00,9399601791306,wp-18150u07set,XACT PRO 8950 Shock absorber,WP - Pro Components
2024-07-25T18:20:43+02:00,9399615291722,wp-22101999088c1a,Factory triple clamp 790-890 ADVENTURE & 901 NORDEN 19-23,WP - Technical Accessories
2024-07-25T18:21:24+02:00,9399616143690,wp-22112955044,Lowering kit 901 NORDEN 22-23,WP - Technical Accessories
2024-07-25T19:06:50+02:00,9399664804170,wp-2286007,WP header,WP - Special tools
2024-07-25T19:06:53+02:00,9399664869706,wp-2286008,WP header,WP - Special tools
2024-07-25T18:22:45+02:00,9399617421642,wp-27004905000,Preload adjuster 690/701 ENDURO/SUPERMOTO 19-23,WP - Technical Accessories
2024-07-25T18:21:49+02:00,9399616569674,wp-28012955044,Lowering kit 401 SVARTPILEN 2019,WP - Technical Accessories
2026-05-18T21:59:21+02:00,15665043046730,wp-28112955044,Lowering kit,WP - Technical Accessories
2024-07-25T18:21:53+02:00,9399616635210,wp-28512955044,Lowering kit 401 VITPILEN 18-19,WP - Technical Accessories
2024-07-25T19:06:19+02:00,9399664279882,wp-3287006,Hook,WP - Special tools
2024-07-25T18:30:01+02:00,9399626858826,wp-36120060,"Dirt scraper 12,7X18X3-4,5",WP - Pro Components
2024-07-25T18:42:50+02:00,9399641375050,wp-3wp21008030x,MECHANIC GLOVES,WP -
2026-05-18T21:59:28+02:00,15665043276106,wp-3wp220067000,Lanyard,WP - Casual and Accessories
2024-07-25T18:42:40+02:00,9399641243978,wp-3wp240040300,REPLICA TEAM REV BACKPACK,WP -
2024-07-25T18:42:26+02:00,9399641112906,wp-3wp240040500,REPLICA TEAM FLAT CAP,WP -
2024-07-25T18:42:31+02:00,9399641178442,wp-3wp240040600,REPLICA TEAM CURVED CAP,WP -
2024-07-25T18:41:38+02:00,9399640424778,wp-3wp24004070x,REPLICA TEAM TEE,WP -
2024-07-25T18:41:45+02:00,9399640490314,wp-3wp24004080x,REPLICA TEAM POLO,WP -
2024-07-25T18:43:00+02:00,9399641440586,wp-3wp24004090x,REPLICA TEAM HALFZIP SWEATER,"Out of stock, WP - Apparel and Accessories"
2024-07-25T18:41:55+02:00,9399640686922,wp-3wp24004100x,REPLICA TEAM SOFTSHELL JACKET,WP -
2024-07-25T18:42:02+02:00,9399640785226,wp-3wp24004110x,REPLICA TEAM HARDSHELL JACKET,WP -
2024-07-25T18:42:08+02:00,9399640883530,wp-3wp24004120x,REPLICA TEAM WINTER JACKET,WP -
2024-07-25T18:42:14+02:00,9399640981834,wp-3wp24004130x,REPLICA TEAM SHORTS,WP -
2024-07-25T18:42:20+02:00,9399641080138,wp-3wp24004140x,REPLICA TEAM PANTS,WP -
2024-07-25T18:43:06+02:00,9399641506122,wp-3wp24004150x,REPLICA TEAM ZIP HOODIE,WP - Apparel and Accessories
2024-07-25T18:41:50+02:00,9399640555850,wp-3wp24004160x,WOMEN REPLICA TEAM TEE,WP -
2024-07-25T19:06:40+02:00,9399664607562,wp-4086602,WP label kit,WP - Special tools
2024-07-25T18:31:01+02:00,9399628169546,wp-43570874,"Preload bush 12,5x18x27",WP - Pro Components
2024-07-25T18:29:18+02:00,9399625679178,wp-45201034022,Triple clamp,WP - Pro Components
2024-07-25T18:22:34+02:00,9399617290570,wp-45304905000,Preload adjuster 50 SX & 50 TC 16-23,WP - Technical Accessories
2024-07-25T18:21:37+02:00,9399616405834,wp-45412955044s,Lowering kit 50 SX /SX-E 5 20-23 & EE 5/50 TC 20-23,WP - Technical Accessories
2026-05-18T21:59:35+02:00,15665043439946,wp-45412955144s,Lowering kit,WP - Technical Accessories
2024-07-25T18:29:21+02:00,9399625744714,wp-46201032022,Triple clamp,WP - Pro Components
2024-07-25T18:21:11+02:00,9399615947082,wp-46301996100,Factory start device 65 SX 21-25 & 65 TC 21-25,WP - Technical Accessories
2024-07-25T18:21:08+02:00,9399615881546,wp-47201996100faa,"Factory start device 85-105 SX/SXS  03-24 & PIONEER, TC (660W, 85) 14-25",WP - Technical Accessories
2024-07-25T18:20:50+02:00,9399615390026,wp-47201999014c1a,Factory triple clamp 85 SX & 85 TC  18-23,WP - Technical Accessories
2024-07-25T18:26:06+02:00,9399620731210,wp-48600495s,Front Fork Fluid SAE 7.5,WP - Oil
2024-07-25T18:25:57+02:00,9399620632906,wp-48600497s,Front Fork Fluid SAE 15,WP - Oil
2024-07-25T18:21:14+02:00,9399616012618,wp-48601164,Factory start device Cone Valve 125- 501 EXC/SX/XC/XCF & 125-500 FC/FE/FX/TC/TE/TX 16-23,WP - Technical Accessories
2024-07-25T18:26:16+02:00,9399620960586,wp-48601166s1,FRONT FORK FLUID SAE 4 5L,"Out of stock, WP - Oil"
2024-07-25T18:26:12+02:00,9399620927818,wp-48601166s4,Front Fork Fluid SAE 4 200L,WP - Oil
2024-07-25T18:30:14+02:00,9399627317578,wp-48601194,Handlebar riser 3mm,WP - Pro Components
2024-07-25T18:30:18+02:00,9399627448650,wp-48601195,Handlebar riser 6mm,WP - Pro Components
2024-07-25T18:30:21+02:00,9399627514186,wp-48601196,Handlebar riser 10mm,WP - Pro Components
2024-07-25T18:24:49+02:00,9399619387722,wp-48601627,Valve cap 50-1290 MODELS 92-25,"stock, synkro-clone-ktm-shop-nederland, WP - Technical Accessories"
2024-07-25T18:27:34+02:00,9399622664522,wp-49001081000,Tapered roller bearing,"stock, synkro-clone-ktm-shop-nederland, WP - Pro Components"
2024-07-25T18:26:23+02:00,9399621026122,wp-50180751s1,SHOCK FLUID SAE 2.5 5L,WP - Oil
2024-07-25T18:26:19+02:00,9399620993354,wp-50180751s4,SHOCK FLUID SAE 2.5 205L,WP - Oil
2024-07-25T18:11:27+02:00,9399602282826,wp-52000194,Service pit mat,WP - Pro Components
2026-05-18T21:59:43+02:00,15665043669322,wp-52000347,Sticker sheet,WP - Technical Accessories
2024-07-25T18:17:11+02:00,9399610802506,wp-53182r81set,APEX PRO 6500 Cartridge 790/890 DUKE 18-25 & 801 SVARTPILEN/VITPILEN 24-25,WP - Cartridge
2024-07-25T18:13:51+02:00,9399605363018,wp-53272q81set,APEX PRO 6500 Cartridge,WP - Pro Components
2024-07-25T18:28:26+02:00,9399624597834,wp-54801036000,Steering head screw,"stock, synkro-clone-ktm-shop-nederland, WP - Pro Components"
2024-07-25T18:27:56+02:00,9399623188810,wp-54801036100,Collar screw,WP - Pro Components
2024-07-25T18:11:24+02:00,9399602184522,wp-55062t11set,APEX PRO 7500 Cartridge,WP - Pro Components
2024-07-25T18:14:08+02:00,9399605920074,wp-55172p02set,APEX PRO 7500 Cartridge,WP - Pro Components
2024-07-25T18:16:59+02:00,9399610540362,wp-55182p07,XACT PRO 7500 Cartridge 350 SX-F 16-20 & 350 FC/FX 17-20,WP - Offroad
2024-07-25T18:11:58+02:00,9399602774346,wp-55182t01set,APEX PRO 7500 Cartridge,WP - Pro Components
2024-07-25T18:11:54+02:00,9399602643274,wp-55182t91set,APEX PRO 7500 Cartridge,WP - Pro Components
2024-07-25T18:14:02+02:00,9399605723466,wp-55232q12set,APEX PRO 7500 Cartridge,WP - Pro Components
2024-07-25T18:12:02+02:00,9399602839882,wp-55272q61set,APEX PRO 7500 Cartridge,WP - Pro Components
2026-05-18T21:59:50+02:00,15665043898698,wp-6170891000001a,Fender,WP - Technical Accessories
2024-07-25T18:29:45+02:00,9399626400074,wp-63503223000c1,Side stand,WP - Pro Components
2024-07-25T18:21:46+02:00,9399616536906,wp-63512955044,Lowering kit,"nada-hidden, WP - Technical Accessories"
2024-07-25T18:21:27+02:00,9399616176458,wp-63512955144,Lowering kit 790/890 ADVENTURE 19-23,WP - Technical Accessories
2024-07-25T18:21:31+02:00,9399616241994,wp-63512955544,Lowering kit 790-890 ADVENTURE 19-22,WP - Technical Accessories
2024-07-25T18:29:43+02:00,9399626334538,wp-63542203000,Brake line,WP - Pro Components
2024-07-25T18:21:34+02:00,9399616373066,wp-63612955044,Lowering kit 890 DUKE 20-23,WP - Technical Accessories
2024-07-25T18:20:33+02:00,9399615029578,wp-6410199914430b,Factory triple clamp 790-890 DUKE 18-23,WP - Technical Accessories
2024-07-25T18:20:46+02:00,9399615324490,wp-6410199918830b,Factory triple clamp 790-890 DUKE 2018-2023,WP - Technical Accessories
2024-07-25T18:21:59+02:00,9399616733514,wp-64112955044,Lowering kit 790/890 DUKE 18-23,WP - Technical Accessories
2026-05-18T21:59:54+02:00,15665044062538,wp-70009082000,"Collar screw M20x1,5",WP - Pro Components
2026-05-18T21:59:59+02:00,15665044226378,wp-76912955044,Lowering kit,WP - Technical Accessories
2024-07-25T18:21:43+02:00,9399616504138,wp-76912955544,Lowering kit 690/701 ENDURO 20-23,WP - Technical Accessories
2024-07-25T18:27:18+02:00,9399622238538,wp-77012005050,Steering damper repair kit,"stock, synkro-clone-ktm-shop-nederland, WP - Pro Components"
2024-07-25T18:19:47+02:00,9399613948234,wp-77012005144,Factory steering damper bracket 125-501 E/EXC/SX/SXS/XC/XCF & 85-500 FC/FE/FREERIDE/FS/TC/TE/TX 12-23,WP - Offroad
2024-07-25T18:19:54+02:00,9399614144842,wp-77012005544,Factory steering damper bracket,WP - Offroad
2024-07-25T18:19:58+02:00,9399614210378,wp-77012005644,PHDS bracket for Factory steering damper 125-501 EXC/XC/XCF & 125-500 FE/TE  12-23,WP - Offroad
2024-07-25T18:20:03+02:00,9399614406986,wp-77212905444,Steering damper counter bearing 125-501 E/EXC/SX/XC/XCF & 125-500 FC/FE/FREERIDE/FS/TC/TE/TX 12-23,WP - Offroad
2026-05-18T22:00:05+02:00,15665044390218,wp-77701084000,O-ring support with sealing lip,WP - Pro Components
2026-05-18T22:00:08+02:00,15665044488522,wp-777019390x0,Handlebar riser,WP - Technical Accessories
2024-07-25T18:41:10+02:00,9399639867722,wp-77719910100,C-Spanner,WP - Tool/transport
2026-05-18T22:00:22+02:00,15665044914506,wp-78901939x44,Handlebar mount kit,WP - Technical Accessories
2024-07-25T18:24:32+02:00,9399619125578,wp-79001939500,Progressive handlebar damping system (PHDS) 125-690 ENDURO/SMC/SX/XC 16-23,WP - Technical Accessories
2024-07-25T18:25:38+02:00,9399620436298,wp-79001940144,Handlebar mount bushing kit 125-450 SX/XC & 125-450 FC/FS/FX/TC/TX  16-22,WP - Technical Accessories
2024-07-25T18:23:49+02:00,9399618371914,wp-7900199400049,Fork protector kit 125-501 EXC/SX/XC/XCF & 125-500 FC/FE/FS/FX/TC/TE/TX 12-23,WP - Technical Accessories
2024-07-25T18:20:08+02:00,9399614505290,wp-79012970100,Steering damper counter bearing 125-450 SX/XC & 125-450 FC/FS/FX/TC/TX 125-450 16-22,WP - Offroad
2024-07-25T18:24:54+02:00,9399619518794,wp-79101900100,Bleeder valve  KTM MODELS 5-700 & HSQ MODELS 50-701 12-23,"Out of stock, WP - Technical Accessories"
2024-07-25T18:27:58+02:00,9399623254346,wp-79101933000,Steering stem,WP - Pro Components
2024-07-25T18:20:53+02:00,9399615521098,wp-79101999021c1a,Factory Racing triple clamp 125-450 EXC/SX/XC & 125-450 FC/FX/TC/TX  13-22,WP - Technical Accessories
2024-07-25T18:23:54+02:00,9399618437450,wp-79104983000,Shock absorber linkage protection 125-501 SX/XC & 125-450 FC/FE/FX/TC/TE/TX  15-23,"stock, synkro-clone-ktm-shop-nederland, WP - Technical Accessories"
2024-07-25T18:27:40+02:00,9399622828362,wp-79129955000bj,Bike stand,WP - Pro Components
2026-05-18T22:00:13+02:00,15665044619594,wp-79129955000bjc,Bike stand,WP - Tool/transport
2026-05-18T22:00:16+02:00,15665044750666,wp-79129955014,Sticker kit,WP - Pro Components
2024-07-25T18:28:49+02:00,9399625122122,wp-79129955050ab,Sticker panel,WP - Pro Components
2024-07-25T18:41:22+02:00,9399640162634,wp-79412966100,Fork airpump,"stock, synkro-clone-ktm-shop-nederland, WP - Tool/transport"
2024-07-25T18:22:52+02:00,9399617487178,wp-79601905000,Preload adjuster set 125-500 EXC/XC 18-19,WP - Technical Accessories
2024-07-25T18:23:58+02:00,9399618502986,wp-79601994000,Fork shoe protection kit 125-501 EXC/SX/XC/XCF &  85-500 FC/FE/FS/FX/TC/TE/TX 15-23,WP - Technical Accessories
2024-07-25T18:21:56+02:00,9399616700746,wp-79612955144,Lowering kit 125-501 EXC/XC/XCF & 125-500 FE/TE/TX  17-23,WP - Technical Accessories
2024-07-25T18:22:15+02:00,9399617061194,wp-79612955544,Lowering kit 125-500 EXC/XC/XCF 17-23,WP - Technical Accessories
2024-07-25T18:41:16+02:00,9399639998794,wp-79619910000,C-Spanner,"Out of stock, stock, synkro-clone-ktm-shop-nederland, WP - Tool/transport"
2024-07-25T18:22:48+02:00,9399617454410,wp-79701905000,Preload adjuster set 150-501 EXC/XC/XCF & 150-500 FE/TE 20-23,WP - Technical Accessories
2024-07-25T18:26:51+02:00,9399621615946,wp-910101xx,Shock spring,WP - Pro Components
2024-07-25T18:30:58+02:00,9399628136778,wp-91010375,Mainspring (59) 85-170-170 damper,WP - Pro Components
2024-07-25T18:29:33+02:00,9399626039626,wp-910103xx,Shock spring,WP - Pro Components
2024-07-25T18:27:00+02:00,9399621747018,wp-9101040x,Shock spring,WP - Pro Components
2024-07-25T18:29:24+02:00,9399625810250,wp-91010xxx,Shock spring,WP - Pro Components
2024-07-25T18:27:03+02:00,9399621779786,wp-91010xxxs,Shock absorber spring,WP - Pro Components
2024-07-25T18:26:57+02:00,9399621681482,wp-9121013x,Shock absorber spring,WP - Pro Components
2024-07-25T18:31:26+02:00,9399628628298,wp-912101xx,Shock absorber spring,WP - Pro Components
2024-07-25T18:28:58+02:00,9399625351498,wp-9141012x,Fork spring 125-450 SX/XC &  125-450 FC/TC 21-22,WP - Pro Components
2024-07-25T18:29:48+02:00,9399626498378,wp-91410132,Fork spring set 4.4N/mm,WP - Pro Components
2024-07-25T18:31:17+02:00,9399628464458,wp-91410134,Fork spring set hard 4.8N/mm,WP - Pro Components
2024-07-25T18:30:54+02:00,9399628071242,wp-91410139,"Mainspring (36,5) 5-8-320",WP - Pro Components
2024-07-25T18:31:05+02:00,9399628267850,wp-91410140,Fork spring set soft 4.0N/mm,WP - Pro Components
2024-07-25T18:31:09+02:00,9399628333386,wp-91410141,Fork spring set soft 4.2N/mm,WP - Pro Components
2024-07-25T18:31:21+02:00,9399628562762,wp-914101xx,Fork spring set,WP - Pro Components
2024-07-25T18:27:09+02:00,9399621878090,wp-914101xxs,Fork spring set,WP - Pro Components
2024-07-25T18:29:29+02:00,9399625941322,wp-91410xxxs,Fork spring set,WP - Pro Components
2024-07-25T18:29:15+02:00,9399625613642,wp-9301021xs,Shock absorber spring,WP - Pro Components
2026-05-18T22:00:31+02:00,15665045176650,wp-93312955033,Lowering kit,WP - Technical Accessories
2024-07-25T18:29:08+02:00,9399625515338,wp-9501003xs,Fork spring set,WP - Pro Components
2024-07-25T18:28:17+02:00,9399624335690,wp-9501005xs,Fork spring set,WP - Pro Components
2024-07-25T18:27:06+02:00,9399621812554,wp-9501009xs,Fork spring set 990 DUKE 2024,WP - Pro Components
2024-07-25T18:28:12+02:00,9399624106314,wp-950100xxx,Fork spring set,WP - Pro Components
2024-07-25T18:21:40+02:00,9399616438602,wp-95812955044,Lowering kit 390 ADVENTURE 20-22,WP - Technical Accessories
2026-05-18T22:00:35+02:00,15665045307722,wp-96312955044,Lowering kit,WP - Technical Accessories
2024-07-25T18:29:40+02:00,9399626269002,wp-970100xx,Fork spring set,WP - Pro Components
2024-07-25T18:15:23+02:00,9399608017226,wp-a360c101w403220,XACT PRO 7548 Spring fork 125-450 TC/FC 23-25,WP - Offroad
2024-07-25T18:16:46+02:00,9399610343754,wp-a360c107u002220,XACT PRO 6500 Cartridge 125-450 FC/TC 21-25,WP - Offroad
2024-07-25T18:17:37+02:00,9399611326794,wp-a360c401w411220,XACT PRO 8950 Shock absorber 125-450 FC/TC 23-25,WP - Offroad
2024-07-26T10:08:48+02:00,9400592466250,wp-a390c167x403220,XPLOR PRO 7548 Spring Fork 125-501 FE/TE 24-25,WP - Offroad
2024-07-26T10:09:32+02:00,9400593416522,wp-a390c467x411220,XPLOR PRO 8950 Shock absorber 150-501 TE/FE 24-26,WP - Offroad
2024-07-25T18:10:07+02:00,9399599989066,wp-a40001999022c1a,Factory triple clamp 50 SX & 50 TC 24-25,WP - Pro Components
2026-05-18T22:00:40+02:00,15665045504330,wp-a40012955044,Lowering kit,WP - Technical Accessories
2026-05-18T22:00:45+02:00,15665045635402,wp-a400c102z003220,XACT PRO 7500 Cartridge,WP - Cartridge
2024-07-26T10:09:29+02:00,9400593383754,wp-a400c402x113220,XACT PRO 6736 Shock absorber 50 SX & 50 TC 13-23,WP - Offroad
2024-07-25T18:10:03+02:00,9399599956298,wp-a40501999022c1a,Factory triple clamp 65 SX & 65 TC 24-26,WP - Pro Components
2026-05-18T22:00:48+02:00,15665045799242,wp-a405c103z003220,XACT PRO 7500 Cartridge,WP - Cartridge
2024-07-26T10:09:25+02:00,9400593350986,wp-a405c403x111220,XACT PRO 8936 Shock absorber 65 SX & 65 TC 24-26,WP - Offroad
2026-05-18T22:00:51+02:00,15665045897546,wp-a405c403z111220,XACT PRO 8936 Shock absorber,WP - Shock
2025-01-09T12:18:50+01:00,9637535482186,wp-a41001999014c1a,Factory triple clamp 85 SX & 85 TC 2025,WP - Technical Accessories
2024-07-26T10:08:57+02:00,9400592695626,wp-a410c104y002220,XACT PRO 6500 Cartridge 85 SX 18-23 & 85 TC 18-23,WP - Offroad
2026-05-18T22:00:54+02:00,15665045995850,wp-a410c104y203220,XACT PRO 7543 Spring fork,WP - Fork
2024-07-26T10:09:21+02:00,9400593252682,wp-a410c404y311220,XACT PRO 8946 Shock absorber 85 SX & 85 TC 25-26,WP - Offroad
2024-07-25T18:24:27+02:00,9399619060042,wp-a46001939500,Progressive handlebar damping system (PHDS) 125-450 SX/XC & 125-450 FC/FS/FX/TC/TX 2023,WP - Technical Accessories
2024-07-25T18:23:45+02:00,9399618306378,wp-a46001995000,Fork protector 125-700 ADVENTURE/ENDURO/EXC/SMC/SUPERMOTO/SX/XC/XCF & 125-990 FC/FE/FS/FX/TC/TE/TX 12-23,WP - Technical Accessories
2024-07-25T18:23:42+02:00,9399618208074,wp-a46001996000,Fork protector ALL MODELS 12-23,"stock, synkro-clone-ktm-shop-nederland, WP - Technical Accessories"
2024-07-25T18:20:37+02:00,9399615127882,wp-a46001999021c1a,Factory Racing triple clamp 125-450 SX/XC & 125-450 FC/FX/TC/TX  2023,WP - Technical Accessories
2024-07-25T18:19:43+02:00,9399613882698,wp-a46002922044,Steering damper kit,WP - Offroad
2024-07-25T18:24:09+02:00,9399618666826,wp-a46004925033,Adjuster rebound 125-450 SX/XC & 125-450 FC/FX/TC/TX 2023,WP - Technical Accessories
2024-07-25T18:24:05+02:00,9399618634058,wp-a46004925066,Dual compression control adjuster 125-450 SX/XC & 125-450 FC/FX/TC/TX  2023,WP - Technical Accessories
2024-07-25T18:23:32+02:00,9399618077002,wp-a46009901544c1a,"Factory Racing front wheel 1.6x21""  125-450 SX/XC  & 125-450 FC/FS/FX/TC/TX  2023",WP - Technical Accessories
2024-07-25T18:23:28+02:00,9399618044234,wp-a46010901544c1a,"Factory Racing rear wheel 2.15x19"" 125-450 SX/XC & 125-450 FC/FS/FX/TC/TX 2023",WP - Technical Accessories
2024-07-25T18:10:17+02:00,9399600218442,wp-a46019909000,Spoke torque wrench,WP - Pro Components
2024-07-25T18:15:26+02:00,9399608049994,wp-a460c101w403220,XACT PRO 7548 Spring fork 125-300 SX/XC & 300 TX  21-23,WP - Offroad
2024-07-25T18:16:39+02:00,9399610179914,wp-a460c107t002220,XACT PRO 6500 Cartridge 125-450 SX/SX-F 16-20 & 125-450 TC/FC/TX/FX 16-20,WP - Offroad
2024-07-25T18:16:43+02:00,9399610245450,wp-a460c107u002220,XACT PRO 6500 Cartridge 125-450 SX/SX-F 21-23,WP - Offroad
2024-07-25T18:17:39+02:00,9399611392330,wp-a460c401w411220,XACT PRO 8950 Shock absorber,WP - Offroad
2024-07-25T18:23:37+02:00,9399618142538,wp-a49001997000,Dirt scraper 105-530 EXC/SX & 125-570 FC/FE/FX/TC/TE/TX 10-25,"stock, synkro-clone-ktm-shop-nederland, WP - Technical Accessories"
2024-07-25T18:23:23+02:00,9399618011466,wp-a49010901544c1a,"Factory Racing rear wheel 2.15x18"" 125-450 SX/XC & 125-450 FC/FS/FX/TC/TX 2023",WP - Technical Accessories
2025-01-09T12:26:26+01:00,9637543805258,wp-a49012906000,Service pit mat,WP - Tool/transport
2024-07-25T18:10:13+02:00,9399600087370,wp-a49012955044,Lowering kit 150-500 EXC/EXC-F 24-25 & 150-501 FE/TE 24-25,WP - Pro Components
2024-07-25T18:10:10+02:00,9399600054602,wp-a49012955544,Lowering kit 150-500 EXC/EXC-F 24-25 & 125-501 FE/TE 24-25,WP - Pro Components
2026-05-18T22:01:04+02:00,15665046290762,wp-a49012955644,Lowering kit,WP - Technical Accessories
2024-07-26T10:09:08+02:00,9400592826698,wp-a490c167x003220,XPLOR PRO 7500 Cartridge 125-500 XC/EXC 24-26,WP - Offroad
2024-07-26T10:08:44+02:00,9400592302410,wp-a490c167x403220,XPLOR PRO 7548 Spring Fork 150-500 EXC/EXC-F 24-26,WP - Offroad
2024-07-26T10:09:37+02:00,9400593514826,wp-a490c467x311220,XPLOR PRO 8946 shock absorber 150-300 EXC 24-26,WP - Offroad
2025-01-09T12:18:45+01:00,9637535383882,wp-a490c467y311220,XPLOR PRO 8946 Federbein 150-500 EXC-EXC-F 24-26,WP - Cartridge
2024-07-25T18:21:05+02:00,9399615750474,wp-a54001996000faa,Factory start device 125-500 EXC/MR/SX & 125-501 FC/FE/FS/FX/TC/TE/TX  15-25,"stock, synkro-clone-ktm-shop-nederland, WP - Technical Accessories"
2024-07-25T18:21:02+02:00,9399615684938,wp-a54001996500faa,Factory start device 125-501 EXC/SX/XC/XCF & 125-500 FC/FE/FS/FX/TC/TE/TX 15-23,WP - Technical Accessories
2024-07-25T18:22:41+02:00,9399617388874,wp-a54004905000faa,Preload adjuster 125-501 SX/XC & 125-450 FC/FE/FS/FX/TC/TE/TX  2016-2023,WP - Technical Accessories
2024-07-25T18:22:38+02:00,9399617323338,wp-a54004905500faa,Preload adjuster 125-500 EXC/XC/XCF 17-23,WP - Technical Accessories
2024-07-25T18:24:16+02:00,9399618830666,wp-a54007930000c1,Factory fuel cap vent 50-501 EXC/SX/SXS/XC/XCF & 50-500 FC/FE/FS/FX/TC/TE/TX  12-23,"Out of stock, WP - Technical Accessories"
2024-07-25T18:40:41+02:00,9399639408970,wp-a54029935000c1,Mud removal tool,WP - Tool/transport
2024-07-25T18:40:33+02:00,9399639277898,wp-a54029963000,Measuring cup,WP - Tool/transport
2024-07-25T18:40:36+02:00,9399639343434,wp-a54029994000c1,Fork support,WP - Tool/transport
2024-07-25T18:40:46+02:00,9399639474506,wp-a54029994500,Fork seal doctor,"Out of stock, stock, synkro-clone-ktm-shop-nederland, WP - Tool/transport"
2024-07-26T10:10:05+02:00,9400594006346,wp-a59012955544,Lowering kit,WP - Technical Accessories
2026-05-18T22:01:10+02:00,15665046421834,wp-a601c142y001220,XPLOR PRO 6500 Cartridge,WP - Cartridge
2026-05-18T22:01:13+02:00,15665046487370,wp-a601c442y313220,XPLOR PRO 6746 Federbein,WP - Shock
2024-07-25T18:21:19+02:00,9399616078154,wp-a60712955044,Lowering kit,"nada-hidden, WP - Technical Accessories"
2024-07-26T10:09:14+02:00,9400592990538,wp-a607c126x001220,APEX PRO 6500 Cartridge 990 DUKE 2024,WP - Cartridge
2024-07-26T10:08:54+02:00,9400592597322,wp-a607c249x100200,APEX PRO 7117 Steering damper kit 990 DUKE & 801 SVARTPILEN/VITPILEN 24-25,WP - Fork
2024-07-26T10:09:51+02:00,9400593842506,wp-a607c426x313220,APEX PRO 6746 shock absorber 990 DUKE 2024,WP - Shock
2024-07-25T18:10:21+02:00,9399600283978,wp-a610c155x403220,XPLOR PRO 7548 Spring fork 890 ADVENTURE 21-25,WP - Pro Components
2024-07-25T18:17:27+02:00,9399611162954,wp-a610c455x305220,XPLOR PRO 6746 Shock absorber 790/890 ADVENTURE & 901 NORDEN 19-23,WP - Offroad
2024-07-26T10:09:17+02:00,9400593088842,wp-a624c122x702220,APEX PRO 8500 Cartridge 1390 SUPER DUKE 24-25,WP - Cartridge
2024-07-26T10:09:57+02:00,9400593908042,wp-a624c422x413220,APEX PRO 8750 shock absorber 1390 SUPER DUKE 24-25,WP - Shock
2025-01-09T12:26:18+01:00,9637543739722,wp-a62612903010,Air compressor,WP - Tool/transport
2026-05-18T22:01:23+02:00,15665046847818,wp-a674c101y702220,APEX PRO 8500 Cartridge,WP - Cartridge
2026-05-18T22:01:25+02:00,15665046946122,wp-a674c401y413220,APEX PRO 8750 Shock absorber,WP - Shock
2026-05-18T22:01:28+02:00,15665047011658,wp-a67912955044,Lowering kit,WP - Technical Accessories
2026-05-18T22:01:38+02:00,15665047372106,wp-a719c122y402220,WP Apex Pro Fork,WP - Fork
2026-05-18T22:01:42+02:00,15665047437642,wp-a719c423y413220,WP Apex Pro Shock,WP - Shock
2024-07-25T18:48:41+02:00,9399646519626,wp-ag180001int,Tent Frame 3 x 3 m,WP - Retail & Marketing Material
2024-07-25T18:48:45+02:00,9399646552394,wp-ag180002int,Tent Frame 6 x 3 m,WP - Retail & Marketing Material
2024-07-25T18:48:53+02:00,9399646617930,wp-ag180003int,Rainwater Gutter Small,WP - Retail & Marketing Material
2024-07-25T18:48:59+02:00,9399646683466,wp-ag180004int,Rainwater Gutter Big,WP - Retail & Marketing Material
2024-07-25T18:49:02+02:00,9399646749002,wp-ag180005int,Tent Roof Interior 3 x 3 m,WP - Retail & Marketing Material
2024-07-25T18:49:05+02:00,9399646847306,wp-ag180006int,Tent Roof Interior 6 x 3 m,WP - Retail & Marketing Material
2024-07-25T18:49:25+02:00,9399647240522,wp-ag180007int,Ground Plate for Beachflag,WP - Retail & Marketing Material
2024-07-26T10:08:29+02:00,9400592073034,wp-ap01c001u400set,XACT PRO KAWASAKI SUSPENSION SET,WP - Pro Components
2024-07-25T18:10:31+02:00,9399600546122,wp-ap01c101u403220,XACT PRO 7548 Spring fork,WP - Pro Components
2024-07-25T18:10:46+02:00,9399601365322,wp-ap01c401u411220,XACT PRO 8950 Shock absorber,WP - Pro Components
2024-07-25T18:11:49+02:00,9399602610506,wp-ap06c100u001220,APEX PRO 6500 Cartridge,WP - Pro Components
2024-07-25T18:11:46+02:00,9399602512202,wp-ap06c100u001221,APEX PRO 6500 Cartridge,WP - Pro Components
2024-07-25T18:11:34+02:00,9399602315594,wp-ap06c400u313220,APEX PRO 6746 Shock absorber,WP - Pro Components
2024-07-25T18:16:36+02:00,9399610147146,wp-ap08c102v001220,XACT PRO 7500 Cartridge 50 SX 17-23 & 50 TC 17-23,WP - Offroad
2024-07-26T10:08:32+02:00,9400592105802,wp-ap13c002v400set,XACT PRO HONDA SUSPENSION SET,WP - Pro Components
2024-07-25T18:10:27+02:00,9399600447818,wp-ap13c102v403220,XACT PRO 7548 Spring fork,WP - Pro Components
2024-07-25T18:10:24+02:00,9399600382282,wp-ap13c402v411220,XACT PRO 8950 Shock absorber,WP - Pro Components
2024-07-25T18:30:11+02:00,9399627252042,wp-r12012,heim joint kit,"nada-hidden, WP - Pro Components"
2024-07-25T18:30:44+02:00,9399627841866,wp-r14042,fork repair kit,WP - Pro Components
2024-07-25T18:30:05+02:00,9399626957130,wp-r14046,Fork repair kit,WP - Pro Components
2024-07-25T18:30:08+02:00,9399627120970,wp-r14047,fork repair kit,WP - Pro Components
2024-07-25T18:29:03+02:00,9399625417034,wp-r14047t,Fork repair kit,"Out of stock, stock, synkro-clone-ktm-shop-nederland, WP - Pro Components"
2026-05-18T22:01:50+02:00,15665047699786,wp-r14054t,Spacer kit,WP - Pro Components
2024-07-25T18:30:41+02:00,9399627776330,wp-r516,Fork repair kit,WP - Pro Components
2024-07-25T18:30:48+02:00,9399627874634,wp-rp10006,fork repair kit,WP - Pro Components
2024-07-25T18:30:51+02:00,9399627972938,wp-rp10007,fork repair kit,WP - Pro Components
2024-07-25T18:29:58+02:00,9399626760522,wp-rp10012,Fork repair kit,WP - Pro Components
2024-07-25T18:22:27+02:00,9399617192266,wp-s03852000300000,Preload adjuster 125-450 SX/SX-F 2023 & 125-450 TC/FC/TX/FX 2023,WP - Technical Accessories
2026-05-18T22:01:59+02:00,15665047994698,wp-s634820001s00fa,Protective ring kit,WP - Technical Accessories
2026-05-18T22:02:01+02:00,15665048125770,wp-s70872000200001,Stecknuss,WP - Special tools
2024-07-25T18:26:32+02:00,9399621124426,wp-s8098200170002x,SHOCK ABSORBER SPRING,WP - Pro Components
2026-05-18T22:02:04+02:00,15665048224074,wp-s80982002xs0020,SHOCK ABSORBER SPRING,WP - Pro Components
2024-07-25T18:26:35+02:00,9399621189962,wp-s8098200410000x,FORK SPRING SET 1390 SUPER DUKE 24-25,WP - Pro Components
2026-05-18T22:02:07+02:00,15665048355146,wp-s80982004xs,Shock absorber spring,WP - Pro Components
2024-07-25T18:26:28+02:00,9399621091658,wp-s809900036s0000,Fork spring set,WP - Pro Components
2026-05-18T22:02:12+02:00,15665048650058,wp-s80992001x,FORK SPRING SET,WP - Dealer Shop WP
2026-05-18T22:02:15+02:00,15665048781130,wp-s8198000x00028,Shock Absorber Spring,WP - Pro Components
2024-07-25T18:28:20+02:00,9399624433994,wp-s82882000100000,Spring retainer,WP - Pro Components
2026-05-18T22:02:18+02:00,15665048944970,wp-s82882000x000c1,spring retainer,WP - Pro Components
2024-07-25T18:20:59+02:00,9399615652170,wp-s998020012s0000,Factory start device XACT PRO 7543 85 SX & 85 TC 21-23,WP - Technical Accessories
2026-05-18T22:02:21+02:00,15665049076042,wp-s998020013s0000,Einsteller,WP - Special tools
2026-05-18T22:02:24+02:00,15665049207114,wp-s99812001900000,Bracket,WP - Pro Components
2024-07-25T18:30:27+02:00,9399627546954,wp-sxs05125203,Elastomer kit green/soft,WP - Pro Components
2024-07-25T18:30:32+02:00,9399627645258,wp-sxs05125204,Elastomer kit yellow/medium,WP - Pro Components
2024-07-25T18:30:37+02:00,9399627743562,wp-sxs05125205,Elastomer kit red/hard,WP - Pro Components
2024-07-25T18:24:39+02:00,9399619289418,wp-sxs07125200,Progressive handlebar damping system (PHDS) 50-1290 MODELS 03-25 & 85-650 TE/FE/FX/FS 06-19,WP - Technical Accessories
2024-07-25T18:24:36+02:00,9399619158346,wp-sxs14125200,Progressive handlebar damping system (PHDS) 3-901 ENDURO/EXC/SX/SXS/XC/XCF & 65-690 EE/FC/FE/FREERIDE/FS/FX/NORDEN/TC/TE/TX  12-23,WP - Technical Accessories
2024-07-25T18:50:44+02:00,9399648289098,wp-t01076,Filling adaptor,WP - Special tools
2024-07-26T10:11:21+02:00,9400595448138,wp-t01077,Adapter AM Enduro,WP - Special tools
2024-07-25T19:05:20+02:00,9399663231306,wp-t05047,Special wrench,WP - Special tools
2024-07-26T10:12:44+02:00,9400597643594,wp-t05048,Special wrench,"Out of stock, WP - Special tools"
2025-01-09T12:26:58+01:00,9637544493386,wp-t07030,Socket,WP - Special tools
2024-07-26T10:40:19+02:00,9400615993674,wp-t07033,Mounting tool,WP - Special tools
2024-07-25T18:59:38+02:00,9399656579402,wp-t101s,Spring removal/fitting,WP - Special tools
2024-07-25T18:59:44+02:00,9399656644938,wp-t103,Pin wrench,WP - Special tools
2025-01-09T12:26:49+01:00,9637544427850,wp-t104s,Clamping jaws,WP - Special tools
2024-07-25T19:04:25+02:00,9399662117194,wp-t106s,Hook wrench,WP - Special tools
2024-07-25T18:56:38+02:00,9399653826890,wp-t107s,Depth micrometer,WP - Special tools
2024-07-25T18:59:50+02:00,9399656841546,wp-t120,Drift,WP - Special tools
2024-07-25T18:51:45+02:00,9399649337674,wp-t1201,Mounting sleeve,WP - Special tools
2024-07-25T18:57:36+02:00,9399654711626,wp-t1202s,Clamping stand,WP - Special tools
2024-07-26T10:10:53+02:00,9400594792778,wp-t1205,Calibrating unit,WP - Special tools
2024-07-25T18:59:55+02:00,9399656907082,wp-t1206,Pressing tool,"Out of stock, WP - Special tools"
2024-07-25T19:00:01+02:00,9399656972618,wp-t1207s,Pressing tool,"Out of stock, WP - Special tools"
2024-07-25T19:00:07+02:00,9399657038154,wp-t1208,Pressing tool,WP - Special tools
2024-07-26T10:10:56+02:00,9400594891082,wp-t1211,Clamping jaw D= 54,WP - Special tools
2024-07-26T10:11:07+02:00,9400595087690,wp-t12126s,Socket,WP - Special tools
2024-07-26T10:12:24+02:00,9400597184842,wp-t12127,Socket,WP - Special tools
2024-07-26T10:12:59+02:00,9400597971274,wp-t12128,Filling adapter,WP - Special tools
2024-07-25T18:53:28+02:00,9399650681162,wp-t12131s,Mounting tool,WP - Special tools
2024-07-26T10:10:40+02:00,9400594465098,wp-t12133,pressing tool,WP - Special tools
2024-07-26T10:11:03+02:00,9400595022154,wp-t12134,Adapter,WP - Special tools
2024-07-26T10:27:07+02:00,9400608620874,wp-t12139,Filling adapter,WP - Special tools
2024-07-25T19:00:13+02:00,9399657169226,wp-t1214,Centering sleeve,WP - Special tools
2024-07-26T10:39:56+02:00,9400615534922,wp-t1216,Pressing tool,WP - Special tools
2024-07-25T18:53:34+02:00,9399650779466,wp-t1218,Pin wrench,WP - Special tools
2024-07-26T10:40:15+02:00,9400615895370,wp-t1238,Socket,WP - Special tools
2026-05-18T22:02:41+02:00,15665050190154,wp-t1240s,Vacuum pump,WP - Special tools
2024-07-25T18:55:00+02:00,9399652057418,wp-t1245s,Filling adapter,WP - Special tools
2024-07-25T18:53:52+02:00,9399651008842,wp-t125s,Pin wrench,WP - Special tools
2024-07-26T10:12:30+02:00,9400597348682,wp-t1280,Trax key PDS2,WP - Special tools
2024-07-26T10:11:38+02:00,9400595906890,wp-t1281,Clamping jaw Trax PDS2,WP - Special tools
2024-07-25T19:04:31+02:00,9399662182730,wp-t1282,Trax Link key,WP - Special tools
2024-07-25T18:57:43+02:00,9399654777162,wp-t1283,Clamping jaw Trax 5018,WP - Special tools
2024-07-25T19:02:39+02:00,9399659626826,wp-t1285s,Mounting tool,WP - Special tools
2024-07-25T18:50:35+02:00,9399648190794,wp-t1288,Steering piston holder,WP - Special tools
2024-07-26T10:12:11+02:00,9400596791626,wp-t1289,Inner tube mounting tool D=46,WP - Special tools
2024-07-26T10:12:14+02:00,9400596955466,wp-t1290,Inner tube mounting tool D=43,WP - Special tools
2024-07-25T18:56:32+02:00,9399653663050,wp-t1291,Measuring instrument,WP - Special tools
2024-07-25T19:02:46+02:00,9399659757898,wp-t1292,Reservoir Adapter PDS/ Link,WP - Special tools
2024-07-25T18:51:57+02:00,9399649468746,wp-t1293,Springholder mounting tool Link,WP - Special tools
2024-07-25T18:56:26+02:00,9399653597514,wp-t1295,Calibration tool,WP - Special tools
2024-07-25T18:55:34+02:00,9399652548938,wp-t1296,Filling adapter,WP - Special tools
2024-07-25T18:56:00+02:00,9399653138762,wp-t1298,Positioning thorn Trax,WP - Special tools
2024-07-25T19:02:51+02:00,9399659921738,wp-t1299s,Socket,WP - Special tools
2024-07-25T19:04:42+02:00,9399662379338,wp-t1307,Preload spanner SW 27,WP - Special tools
2024-07-25T19:00:25+02:00,9399657431370,wp-t1309,Mounting sleeve,WP - Special tools
2024-07-25T19:02:57+02:00,9399659987274,wp-t1318s,Socket,WP - Special tools
2024-07-25T18:52:03+02:00,9399649567050,wp-t1319,Needle Adapter,WP - Special tools
2026-05-18T22:02:47+02:00,15665050485066,wp-t1320,Needle,WP - Special tools
2024-07-25T18:51:38+02:00,9399649272138,wp-t1321,Impact thorn Igus bush,WP - Special tools
2024-07-25T19:04:11+02:00,9399661789514,wp-t1323,Clamping bush,WP - Special tools
2024-07-25T18:50:50+02:00,9399648420170,wp-t137s,Air chamber bottle,WP - Special tools
2024-07-25T19:00:31+02:00,9399657529674,wp-t1401,Protecting sleeve,WP - Special tools
2024-07-25T18:57:30+02:00,9399654646090,wp-t14015s,Clamping stand,WP - Special tools
2024-07-25T18:57:59+02:00,9399655137610,wp-t14016s,Clamping stand,WP - Special tools
2024-07-25T19:04:48+02:00,9399662510410,wp-t14017,Ring wrench,WP - Special tools
2024-07-25T18:57:20+02:00,9399654383946,wp-t14020,Support tool,WP - Special tools
2024-07-25T18:52:39+02:00,9399649927498,wp-t14021,Calibrating unit,WP - Special tools
2024-07-25T18:56:05+02:00,9399653237066,wp-t14022b,Pressing tool,WP - Special tools
2024-07-26T10:39:52+02:00,9400615469386,wp-t14023,Thread protection sleeve,WP - Special tools
2024-07-25T19:04:53+02:00,9399662575946,wp-t14028,Ring wrench,WP - Special tools
2024-07-25T19:00:43+02:00,9399657726282,wp-t14029,Mounting sleeve,WP - Special tools
2024-07-25T18:55:06+02:00,9399652122954,wp-t14030,Filling adapter,WP - Special tools
2024-07-25T18:56:11+02:00,9399653368138,wp-t14031,Pressing tool,WP - Special tools
2024-07-25T19:04:59+02:00,9399662707018,wp-t14032,Open end wrench,WP - Special tools
2024-07-26T10:40:03+02:00,9400615665994,wp-t14033,Tweezers,WP - Special tools
2024-07-25T18:56:46+02:00,9399653957962,wp-t14034,Seal Grease,WP - Special tools
2024-07-25T18:58:04+02:00,9399655203146,wp-t14038s,Tool cone piston position,WP - Special tools
2024-07-25T18:58:10+02:00,9399655334218,wp-t1403s,Clamping stand,WP - Special tools
2024-07-25T19:00:49+02:00,9399657824586,wp-t14040s,Mounting tool,WP - Special tools
2024-07-26T10:12:17+02:00,9400597021002,wp-t14047,Groove nut wrench,WP - Special tools
2024-07-25T18:58:16+02:00,9399655432522,wp-t14049s,Clamping stand,WP - Special tools
2024-07-25T19:00:55+02:00,9399657922890,wp-t1404s,Mounting tool,WP - Special tools
2024-07-26T10:10:50+02:00,9400594727242,wp-t14050s,Spring tensioner,WP - Special tools
2024-07-25T19:01:01+02:00,9399658053962,wp-t14051,Pressing tool,WP - Special tools
2024-07-26T10:12:34+02:00,9400597446986,wp-t14062,Seal carrier spanner 55mm,WP - Special tools
2024-07-25T18:58:22+02:00,9399655530826,wp-t14072,Clamping stand,WP - Special tools
2024-07-25T19:01:08+02:00,9399658152266,wp-t14073s,Seal mounting adapter,WP - Special tools
2024-07-25T18:54:21+02:00,9399651402058,wp-t14076,Pressing tool,WP - Special tools
2024-07-25T19:03:15+02:00,9399660413258,wp-t14084,Special socket,WP - Special tools
2024-07-26T10:10:23+02:00,9400594235722,wp-t14086e,Fork pump adapter,WP - Tool/transport
2024-07-26T10:44:36+02:00,9400619598154,wp-t14096,Ring wrench,WP - Special tools
2024-07-26T10:11:44+02:00,9400596070730,wp-t14098s,Clamping stand,WP - Special tools
2024-07-26T10:11:56+02:00,9400596463946,wp-t14099,Mounting tool,"Out of stock, WP - Special tools"
2024-07-26T10:12:38+02:00,9400597578058,wp-t14102,Mounting tool,WP - Special tools
2024-07-26T10:11:24+02:00,9400595546442,wp-t14105,Adapter,"SALE, WP - Special tools"
2024-07-26T10:27:20+02:00,9400608850250,wp-t14106s,Special wrench,WP - Special tools
2024-07-26T10:27:16+02:00,9400608751946,wp-t14107s,Socket,WP - Special tools
2024-07-25T19:02:28+02:00,9399659331914,wp-t14110s,Stecknuss Innenrohrverschraubung,WP - Special tools
2024-07-26T10:11:48+02:00,9400596234570,wp-t14115s,Spring preload tool,WP - Special tools
2024-07-25T19:03:21+02:00,9399660511562,wp-t145s,Mounting tool,WP - Special tools
2024-07-25T19:01:13+02:00,9399658217802,wp-t146,Mounting tool,WP - Special tools
2024-07-25T19:01:19+02:00,9399658348874,wp-t147,Clamping bush,WP - Special tools
2024-07-25T18:52:53+02:00,9399650124106,wp-t149,Calibrating central carrier bush,WP - Special tools
2024-07-26T10:11:10+02:00,9400595218762,wp-t15000,Press-out tool,WP - Special tools
2024-07-25T18:56:17+02:00,9399653466442,wp-t1504,Pressing tool,WP - Special tools
2024-07-26T10:40:07+02:00,9400615731530,wp-t15067,Clamping bush,WP - Special tools
2024-07-26T10:10:36+02:00,9400594432330,wp-t15077,Mounting sleeve,WP - Special tools
2024-07-26T10:11:17+02:00,9400595382602,wp-t15080,Clamping bush,WP - Special tools
2025-01-09T12:26:55+01:00,9637544460618,wp-t15082,Mounting tool,WP - Special tools
2024-07-26T10:39:43+02:00,9400615371082,wp-t15083,Clamping stand,WP - Special tools
2024-07-26T10:12:52+02:00,9400597840202,wp-t15085,Vacuum pump,WP - Special tools
2024-07-26T10:12:48+02:00,9400597807434,wp-t15086,Vacuum pump,WP - Special tools
2024-07-26T10:39:46+02:00,9400615403850,wp-t1509,Filling adapter,WP - Special tools
2026-05-18T22:02:57+02:00,15665050747210,wp-t150s,Mounting tool,WP - Special tools
2024-07-25T19:01:31+02:00,9399658676554,wp-t1515,Mounting sleeve,WP - Special tools
2024-07-26T10:11:35+02:00,9400595841354,wp-t1558s,Housing for nitrogen filling device,WP - Special tools
2026-05-18T22:03:00+02:00,15665050878282,wp-t1561s,Spring mounting tool,WP - Special tools
2024-07-25T18:55:20+02:00,9399652286794,wp-t1565,Filling adapter,WP - Special tools
2024-07-25T18:57:02+02:00,9399654187338,wp-t158,PP300 grease reservoir 100 g,WP - Special tools
2024-07-25T19:03:27+02:00,9399660740938,wp-t16015s,Socket,WP - Special tools
2024-07-26T10:10:46+02:00,9400594628938,wp-t16021s,MX steering damper mounting tool,WP - Special tools
2024-07-26T10:27:00+02:00,9400608489802,wp-t16023,Steering piston holder,WP - Special tools
2024-07-26T10:11:13+02:00,9400595317066,wp-t16024s,Press-out tool,WP - Special tools
2024-07-25T19:03:35+02:00,9399660937546,wp-t17002s,Socket,WP - Special tools
2024-07-26T10:12:21+02:00,9400597152074,wp-t17010s,Wrench 18x3,WP - Special tools
2024-07-26T10:12:08+02:00,9400596758858,wp-t17029s,Socket,WP - Special tools
2024-07-26T10:11:32+02:00,9400595677514,wp-t170s1,Filling tool,WP - Special tools
2024-07-25T18:54:28+02:00,9399651467594,wp-t175,Mounting tool,WP - Special tools
2024-07-26T10:39:40+02:00,9400615338314,wp-t18001,Filling adapter,WP - Special tools
2024-07-26T10:11:59+02:00,9400596496714,wp-t18008s,Stiftschlüssel,WP - Special tools
2024-07-25T18:55:48+02:00,9399652909386,wp-t206,Measuring cylinder 500 ml,WP - Special tools
2024-07-25T18:55:51+02:00,9399652974922,wp-t207,Measuring cylinder 1000 ml,WP - Special tools
2024-07-25T19:05:16+02:00,9399663133002,wp-t304,Hook wrench,WP - Special tools
2024-07-25T19:01:43+02:00,9399658840394,wp-t313,Mounting sleeve,WP - Special tools
2024-07-26T10:10:59+02:00,9400594956618,wp-t43001,Mounting sleeve,WP - Special tools
2024-07-25T18:58:29+02:00,9399655629130,wp-t501s,Tube clamp inner/outer pipe,WP - Special tools
2024-07-25T19:02:01+02:00,9399659069770,wp-t502s,Impact sleeve for sealing rings,WP - Special tools
2024-07-25T19:02:09+02:00,9399659168074,wp-t503s,Inner pipe fitting tool,WP - Special tools
2024-07-25T18:58:35+02:00,9399655661898,wp-t506s,Clamping jaw Ø43/57mm,WP - Special tools
2024-07-25T19:02:14+02:00,9399659233610,wp-t512,Protecting sleeve,WP - Special tools
2024-07-25T18:58:42+02:00,9399655727434,wp-t515,Clamping jaw Set Ø 27/12mm,WP - Special tools
2024-07-25T19:03:51+02:00,9399661330762,wp-t516,Cartridge cap adapter,WP - Special tools
2024-07-25T19:03:57+02:00,9399661461834,wp-t517,Screwcap adapter,WP - Special tools
2024-07-25T18:50:41+02:00,9399648256330,wp-t518,Spacer + bore CC L120,WP - Special tools
2024-07-26T10:40:10+02:00,9400615829834,wp-t519,Distance piece,WP - Special tools
2024-07-25T18:54:41+02:00,9399651631434,wp-t524,Ring wrench,WP - Special tools
2024-07-25T18:54:47+02:00,9399651729738,wp-t526s,Clamping stand,WP - Special tools
2024-07-26T10:11:41+02:00,9400596005194,wp-t531s,Clamping stand,WP - Special tools
2024-07-26T10:11:27+02:00,9400595611978,wp-t532s,Adapter,WP - Special tools
2024-07-26T10:39:37+02:00,9400615272778,wp-t537,Socket,WP - Special tools
2024-07-25T18:58:48+02:00,9399655858506,wp-t612s,Clamping stand,WP - Special tools
2024-07-25T18:54:35+02:00,9399651565898,wp-t620,Fitting long guide bush,WP - Special tools
2024-07-25T18:57:10+02:00,9399654252874,wp-t625,Grease,WP - Special tools
2024-07-25T19:02:20+02:00,9399659266378,wp-t724s,Mounting tool,WP - Special tools
2024-07-25T18:59:08+02:00,9399656087882,wp-t725s,Clamping stand,WP - Special tools
2024-07-25T19:02:25+02:00,9399659299146,wp-t726,Protecting sleeve,WP - Special tools
2024-07-25T19:04:03+02:00,9399661691210,wp-t727s,Socket,WP - Special tools
2024-07-25T18:47:37+02:00,9399645536586,wp-wp170073int,Pen,WP - Retail & Marketing Material
2024-07-25T18:48:30+02:00,9399646323018,wp-wp170077int,Flag incl. Rope Loops Set,"Out of stock, WP - Retail & Marketing Material"
2024-07-25T18:48:33+02:00,9399646388554,wp-wp170078int,Beachflag Set,WP - Retail & Marketing Material
2024-07-25T18:48:26+02:00,9399646290250,wp-wp170079int,Endlessbanner,WP - Retail & Marketing Material
2024-07-25T18:48:36+02:00,9399646421322,wp-wp170097int,Beachflag (only Cloth),WP - Retail & Marketing Material
2024-07-25T18:49:16+02:00,9399647011146,wp-wp180005int,Tent Roof 6 x 3 m,WP - Retail & Marketing Material
2024-07-25T18:49:19+02:00,9399647076682,wp-wp180006int,Tent Side Wall 6 x 3 m,WP - Retail & Marketing Material
2024-07-25T18:48:19+02:00,9399646191946,wp-wp210001int,Endlessbanner,WP - Retail & Marketing Material
2024-07-25T18:47:23+02:00,9399645208906,wp-wp210006int,Pen,WP - Retail & Marketing Material
2024-07-26T10:10:28+02:00,9400594301258,wp-wp210008int,Track Tape,WP - Retail & Marketing Material
2024-07-25T18:47:12+02:00,9399645012298,wp-wp210010int,Sticker Sheet,"Out of stock, WP - Retail & Marketing Material"
2024-07-25T18:47:04+02:00,9399644848458,wp-wp220001int,Mug-to-go,"Out of stock, WP - Retail & Marketing Material"
2024-07-25T18:47:09+02:00,9399644913994,wp-wp220002int,Sunglasses,"Out of stock, WP - Retail & Marketing Material"
2024-07-25T18:48:00+02:00,9399645995338,wp-wp220003int,Tent Roof 3 x 3 M,WP - Retail & Marketing Material
2024-07-25T18:48:04+02:00,9399646060874,wp-wp220004int,Tent Side Wall 3 x 3 M,WP - Retail & Marketing Material
2024-07-25T18:48:10+02:00,9399646093642,wp-wp220005int,Tent Roof 6 x 3 M,WP - Retail & Marketing Material
2024-07-25T18:48:15+02:00,9399646159178,wp-wp220006int,Tent Side Wall 6 x 3 M,WP - Retail & Marketing Material
2024-07-25T18:47:56+02:00,9399645897034,wp-wp220007int,Chair,WP - Retail & Marketing Material
2024-07-25T18:46:57+02:00,9399644815690,wp-wp220008int,Notepad A4,WP - Retail & Marketing Material
2024-07-25T18:46:54+02:00,9399644750154,wp-wp220009int,Notepad A5,WP - Retail & Marketing Material
2024-07-25T18:46:51+02:00,9399644684618,wp-wp220010int,Notepad A6,WP - Retail & Marketing Material
2024-07-25T18:46:48+02:00,9399644651850,wp-wp220011int,Document Folder Small,WP - Retail & Marketing Material
2026-05-18T22:03:37+02:00,15665052057930,wp-z10010,Suspension lift kit,WP - Technical Accessories
2024-07-25T18:25:11+02:00,9399619780938,wp-zf10001,Bladder kit 125-501 SX & 125-450 FC/FE/FS/TC/TE 16-23,WP - Technical Accessories
2024-07-25T18:25:27+02:00,9399620305226,wp-zf10002,Trax Link Bladderkit 2017,WP - Technical Accessories
2024-07-25T18:25:23+02:00,9399620206922,wp-zf10003,Trax PDS Bladderkit KTM,WP - Technical Accessories
2024-07-25T18:25:15+02:00,9399619879242,wp-zf10005,PDS Bladderkit KTM OEM 125-500 EXC/XC/XCF 17-23,WP - Technical Accessories
2024-07-25T18:25:43+02:00,9399620469066,wp-zf10006,Race Kit Shock KTM RC390R SSP 300,WP - Technical Accessories
2024-07-25T18:25:30+02:00,9399620370762,wp-zf10008,Bladderkit,WP - Technical Accessories
2024-07-25T18:24:23+02:00,9399618961738,wp-zf10011,Bladder Kit 125-450 SX/XC & 125-450 FC/FX/TC/TX 2023,WP - Technical Accessories
2024-07-26T10:10:09+02:00,9400594071882,wp-zf10012,Bladder kit 150-500 EXC/EXC-F 24-25,WP - Technical Accessories
2024-07-25T18:29:36+02:00,9399626137930,wp-zg10004t,Upgrad Kit AER 48 MY18,WP - Pro Components
