Oud_artikelnummer;Vervangend_artikelnummer;Vervanger_staat_apart_in_shop;Vervanger_productstatus
00010000282;61309960000;ja;active
00010000289;64109960000;ja;active
00010000310;77701094100AB;ja;active
00010000310;79008010000AB;ja;active
00010000310;79106003000AB;ja;active
00010000310;79106004000AB;ja;active
00010000310;79106005000AB;ja;active
00010000310;79108007100AB;ja;active
00010000310;79108054000AB;ja;active
00010000310;79708001000AB;ja;active
00010000310;79708013000AB;ja;active
00010000311;77701094100EB;ja;active
00010000311;79008010000EB;ja;active
00010000311;79106003000EB;ja;active
00010000311;79106004000EB;ja;active
00010000311;79106005000EB;ja;active
00010000311;79108007100EB;ja;active
00010000311;79108054000EB1;ja;active
00010000311;79708001000EB;ja;active
00010000311;79708013000EB;ja;active
00010000313;25001094100AB;ja;active
00010000313;25008010000AB;ja;active
00010000313;25106003000AB;ja;active
00010000313;25106004000AB;ja;active
00010000313;25106013000AB;ja;active
00010000313;25106014000AB;ja;active
00010000313;25108007000AB;ja;active
00010000313;25108054000AB;ja;active
00010000313;26608001000AB;ja;active
00010000313;26608013100AB;ja;active
00010000319;79008010000AB;ja;active
00010000319;79106003000AB;ja;active
00010000319;79106004000AB;ja;active
00010000319;79106005000AB;ja;active
00010000319;79108007100AB;ja;active
00010000319;79108013000AB;ja;active
00010000319;79108054000AB;ja;active
00010000320;79008010000EB;ja;active
00010000320;79106003000EB;ja;active
00010000320;79106004000EB;ja;active
00010000320;79106005000EB;ja;active
00010000320;79108007100EB;ja;active
00010000320;79108013000EB;ja;active
00010000320;79108054000EB1;ja;active
00010000324;61704950000;ja;active
00010000324;61707958133;ja;active
00010000324;6170891000001A;ja;active
00010000324;61708926000;ja;active
00010000324;61708927000;ja;active
00010000324;61708949000;ja;active
00010000324;61708950000;ja;active
00010000324;61708951000;ja;active
00010000324;61708998000;ja;active
00010000345;78909960000;ja;active
00010000345;78913914100;ja;active
00010000346;26113914000;ja;active
00010000346;78909960000;ja;active
00010000350;64109001033EB;nee;
00010000350;64110001033EB;nee;
00010000352;61709004044C1;ja;active
00010000352;61710004000C1;ja;active
00010000353;51012092100;ja;active
00010000353;51012093100;ja;active
00010000354;0770080019;ja;active
00010000354;47210960000;ja;active
00010000354;47213070000;nee;
00010000354;47213080001;nee;
00010000354;47213084000;nee;
00010000354;47213090000;ja;active
00010000363;63609945166C1;nee;
00010000364;6360994516604;nee;
00010000365;61709003144EB;nee;
00010000365;61710003000EB;nee;
00010000366;A46006003000AB;ja;active
00010000366;A46006004000AB;ja;active
00010000366;A46006005000AB;ja;active
00010000366;A46008007000AB;ja;active
00010000366;A46008010000AB;ja;active
00010000366;A46008013000AB;ja;active
00010000366;A46008054000AB1;ja;active
00010000367K;00010000429K;ja;active
00010000368;A46006003000EB;ja;active
00010000368;A46006004000EB;ja;active
00010000368;A46006005000EB;ja;active
00010000368;A46008007000EB;ja;active
00010000368;A46008010000EB;ja;active
00010000368;A46008013000EB;ja;active
00010000368;A46008054000EB1;ja;active
00010000369K;00010000430K;ja;active
00010000370;A46006003000C1;ja;active
00010000370;A46006004000C1;ja;active
00010000370;A46006005000C1;ja;active
00010000370;A46008007000C1;ja;active
00010000370;A46008010000C1;ja;active
00010000370;A46008013000C1;ja;active
00010000370;A46008054000C12;ja;active
00010000371K;00010000431K;ja;active
00010000373K;00010000435K;ja;active
00010000379K;00010000434K;ja;active
00010000380;81212016100;ja;active
00010000380;A46006998000;ja;active
00010000380;A46012950000;ja;active
00010000381;A46002940010;ja;active
00010000381;A46002941010;ja;active
00010000382;A46006003000HH;ja;active
00010000382;A46006004000HH;ja;active
00010000382;A46006005000HH;ja;active
00010000382;A46008007000HH;ja;active
00010000382;A46008010000HH;ja;active
00010000382;A46008013000HH;ja;active
00010000382;A46008054000HH3;ja;active
00010000385;95812968044;ja;active
00010000385;95814910044C1;ja;active
00010000401;22109901044C1;ja;active
00010000401;22110901044C1;ja;active
00010000402;2210990104404;ja;active
00010000402;2211090104404;ja;active
00010000408;A42005907500;ja;active
00010000408;A42005979000;ja;active
00010000409;A44005907500;ja;active
00010000409;A44005979000;ja;active
00010000410;A44005907500;ja;active
00010000410;A45005979000;ja;active
00010000412;96307040025;nee;
00010000412;96307955044C1;ja;active
00010000413;A46004925033;ja;active
00010000413;A46004925066;ja;active
00010000415;S043400003S0000;nee;
00010000416;00010000411;nee;
00010000416;S043400003S0000;nee;
00010000417;A62412939044;ja;active
00010000422;61714937044;ja;active
00010000423;A62411941040;ja;active
00010000423;A62412993010;ja;active
00010000424;A62411941050;ja;active
00010000424;A62412993010;ja;active
00010000425;61903040010;ja;active
00010000425;61903041010;ja;active
00010000426;A63714925000;ja;active
00010000426;A63714926000;ja;active
00010000427;A63714950000;ja;active
00010000427;A63714951000;ja;active
00010000428;A63714925000;ja;active
00010000428;A63714926000;ja;active
00010000428;A63714950000;ja;active
00010000428;A63714951000;ja;active
00010000432;44011076305;ja;active
00010000432;61912035000;ja;active
00010000438;A63714925000;ja;active
00010000438;A63714926000;ja;active
00010000447;A67413105000;nee;
00029015000;00029015100;ja;active
00029016000;00029016100;ja;active+draft
00029090000;00029090100;ja;active+draft
00029095009;00029095014;ja;active
00029095010;00029095011;ja;active
00029098000;00029098300;ja;active
00029098100;00029098400;ja;active
00029996000;00029996100;ja;active
00029999000;00029999300;ja;active
00029999100;00029999300;ja;active
00029999200;00029999300;ja;active
00050000002;50430007010 II;nee;
00050000004;52330007310 II;nee;
00050000010;50430007010 I;nee;
00050000012;52330007310 I;nee;
00050000013;77130007010 II;nee;
00050000025;77330007510 I;ja;active
00050000028;78630007310 I;nee;
00050000029;77330007510 II;nee;
00050000030;78030007010 I;nee;
00050000033;77130007010 I;nee;
00050000036;77230107010 I;nee;
00050000037;77230107010 II;nee;
00050000041;51509001044;nee;
00050000041;51510001044;nee;
00050000102;55630107010 I;nee;
00050000103;55630107010 II;nee;
00050000109;54830007310 I;nee;
00050000110;54830007310 II;nee;
00050000200;77530107010 I;ja;active
00050000201;77530107010 II;nee;
00050000202;46230007110 I;ja;active
00050000203;46230007110 II;nee;
00050000204;47230007010 I;ja;active
00050000205;47230007010 II;nee;
00050000206;51530007410 I;nee;
00050000207;51530007410 II;nee;
00050000208;45230007110 I;ja;active
00050000209;45230007110 II;ja;active
00050000210;90130007010;nee;
00050000211;78730007210 I;ja;active
00050000212;78730007210 II;ja;active
00050000214;78030007010 II;nee;
00050000215;90630007010;nee;
00050000216;78130007010 I;ja;active
00050000217;78130007010 II;ja;active
00050000218;78930007110 I;nee;
00050000219;78930007110 II;ja;active
00050000220;77230207010 I;nee;
00050000221;77230207010 II;ja;active
00050000222;77130007110 I;ja;active
00050000223;77130007110 II;nee;
00050000224;75330007110 I;nee;
00050000225;75330007110 II;nee;
00050000229;79030207010 I;ja;active
00050000230;79030207010 II;ja;active
00050000231;79230207010 I;nee;
00050000232;79230207010 II;ja;active
00050000233;50430007110 I;ja;active
00050000234;50430007110 II;ja;active
00050000235;51630007210 I;ja;active
00050000236;51630007210 II;ja;active
00050000239;79030507010 I;nee;
00050000240;79030507010 II;nee;
00050000241;79230507010 I;ja;active
00050000242;79230507010 II;ja;active
00050000243;55430007010 I;nee;
00050000244;55430007010 II;ja;active
00050000245;50430007110 I;ja;active
00050000246;50430007110 II;ja;active
00050000247;47230007110 I;nee;
00050000248;47230007110 II;ja;active
00050000249;76630007310 I;nee;
00050000250;76630007310 II;nee;
00050000251;79230207210 I;ja;active
00050000252;79230207210 II;ja;active
00050000253;76630007310 I;nee;
00050000254;76630007310 II;nee;
00050000255;79030507110 I;nee;
00050000256;79030507110 II;nee;
00050000257;79530607110 I;nee;
00050000258;79530607110 II;ja;active
00050000259;79730107110 I;nee;
00050000260;79730107110 II;nee;
00050000261;55430007010 I;nee;
00050000262;55430007010 II;ja;active
00050000263;55630307110 I;ja;active
00050000264;55630307110 II;ja;active
00050000265;55630307110 I;ja;active
00050000266;55630307110 II;ja;active
00050000271;79430107210 I;nee;
00050000272;79430107210 II;nee;
00050000815;00050000819;ja;draft
00050000947;46233010010;ja;active
00050002001;SPAB17G381H118I;nee;
00050002002;SPAA14U46AC1243;nee;
00050002003;SPAA14U49AC1243;nee;
00050002004;SPAA13U48AM1186;nee;
00050002005;SPAA13U50AM1186;ja;active
00050002006;SPAA13U50AM118A;ja;active
00050002007;SPAA13U52AM118A;ja;active
00050002008;SPAA14U50AM118A;ja;active
00050002010;SPAA14U52AM118A;ja;active
00050002011;SPAB17G381H118I;nee;
00050002012;SPAB17G411H118H;ja;active
00050002013;SPAB17G421M118J;ja;active
00050002016;SPAB15G423M118B;ja;active
00050002017;SPA214U453A118B;nee;
00050002018;SPA214U423A118B;ja;active
00050002019;SPAA11U48CC118A;nee;
00050002020;SPAA14U50AM1186;nee;
00050002021;SPAB16G381H118I;nee;
00050002023;SPAB16G421M118J;nee;
00050002024;SPA216G42KM118B;ja;active
00050002025;SPAB16G403M118B;ja;active
00050002026;SPA216G40KM118B;nee;
00050002027;SPA2151453K118B;ja;active
00050002028;SPAA14U46CC118A;ja;active
00050002029;SPA217G383N118H;ja;active
00050002036;00050002051;ja;active
00050002037;SPAA13U50AM1186;ja;active
00050002038;SPAA13U51AM1186;ja;active
00050002039;SPAA13U50AM118A;ja;active
00050002040;SPA2142453K118B;ja;active
00050002042;SPAA13U48AM1186;nee;
00050002044;SPAA13U50CM1186;ja;active
00050002046;SPAA14U52AM118A;ja;active
00050002047;SPAA13U52AM118A;ja;active
00050002052;SPAA13U52CM118A;ja;active
00050002057;SPA214U423K118B;ja;active
00050002058;SPA214U423K118B;ja;active
00050002059;SPA2151453K118B;ja;active
00050002060;SPA2142453K118B;ja;active
00050002061;SPA2151463K118B;nee;
00050002062;SPA2141463K118B;ja;active
00050002064;SPAA14U52BM118A;nee;
00050002065;SPAA13U51BM118A;ja;active
00050002066;SPAA13U48AM118A;ja;active
00050002067;SPAA14U50AM118A;ja;active
00050002068;SPAA14U50BM118A;ja;active
00050002072;SPA113U50MM118A;nee;
00050002074;SPAB16G423M118B;ja;active
00050002075;SPAA13U48BM1187;nee;
00050002076;SPAA14U51BM1187;nee;
00050002077;SPAA14U50AM1186;nee;
00050002078;SPAA14G52AM118A;nee;
00050002080;SPAA14U51AM1186;nee;
00050002083;SPA114G52KM118A;ja;active
00050002088;SPAA14G50AM118A;nee;
00050002089;SPAA14G45AM118A;ja;active
00050002090;SPA215G463M118B;nee;
00050002091;SPAA13U46AC1243;nee;
00050002092;SPAA13U49AC1243;ja;active
00050002094;SPAA14G50AM118A;nee;
00050002096;SPA114G50KM118A;nee;
00050002097;SPAA12U48CC118A;ja;active
00050002098;SPAB16G413M116E;ja;active
00050002100;SPAB16G453M118E;ja;active
00050002101;SPAA13U51AM1186;ja;active
00050002102;SPAA13U49AM1186;nee;
00050002103;SPAA13U51AM118A;ja;active
00050002105;SPAA14U51AM118A;nee;
00050002108;SPAA14G48AM118A;nee;
00050002109;SPAA13U51BM118A;ja;active
0014060103;0024060106;ja;active
0015060120;59009062013;ja;active
0015060163;0025060166;ja;active
0015060203;0025060206;ja;active
0015060303;0025060306;ja;active
0015060353;0025060356;ja;active
0015060403;0025060406;ja;active
0015060453;0025060456;ja;active
0015080203;0025080206;ja;active
0015080403;0025080406;ja;active
0017060203;0017060205;ja;active
0017060204;0017060206;ja;active
0019080206;0019080206S;ja;active
0024060123;0900000601203;ja;active
0026060186;0025060166;ja;active
00501020S1;00501020S1T;nee;
0081500181;0081050181;ja;active
0094032253;0094032250;ja;active
0137060000;0137060003;ja;active
0405242813;0030302401300;ja;active
0472C104U203220;A410C104Y203220;nee;
05992P01SET;A618C101W402220;nee;
0617C101U402220;0617C101U402200;nee;
0617C101U402220;52000257SET;nee;
0617C101U402220;T14096;ja;active
0625062034;0625062035;ja;active
0760003247000;0760003247001;ja;active
0760101840;0760101844;ja;active
0760153459;0760001534501;nee;
0760304771;0760304772;ja;active
0760324770;0760324771;ja;active
0770012020;0770120020;ja;active
0770400020;46811042;nee;
0770780021;0770800021;ja;active
0770790021;0770800021;ja;active
0888050650;6946005;ja;active
0912060123;0025060126;ja;active
0912060166;0984060163;ja;active
0912100250;0032100256S;ja;active
0991060166;010642060166S;ja;active
0991060166S;010642060166S;ja;active
10001020000;0310000902900;ja;active
10001020300;0310000902900;ja;active
113080802;0113080802;ja;active
12000P01;A54004905000FAA;ja;active
12000Q06E;A54004905500FAA;ja;active
14152T61100SET;14152T61SK1;nee;
14152T61100SET;14182T67SET;ja;active
16180D03;16181L01S01;ja;draft
20180194INT;20210021INT;ja;active
20190010INT;2025005INT;ja;active
20190026INT;20210013INT;ja;active
20200016DE/EN;20200016DEEN;nee;
20200016ES/EN;20200016ESEN;nee;
20200016FR/IT;20200016FRIT;nee;
20210004DE/EN;20210004DEEN;nee;
20210004FR/IT;20210004FRIT;nee;
2210199908804A;2210199904404A;ja;active
2210199908804A;69001181010;ja;active
22101999088C1A;22101999044C1A;ja;active
22101999088C1A;69001181010;ja;active
22103916044C1;22103916144C1;ja;active
22103990044;22103990144;ja;active
22105979000C1;22105979200C1;ja;active
22105979100C1;22105979200C1;ja;active
22107940044;22107940000;nee;
22107940044;63711986000;ja;active
22112919044;22112919000;ja;active
22112919044;22112919055;ja;active
22112925144;22112925344;ja;active
2213891904404;2213891900004;ja;active
23507940500;23507940800;ja;active
24503090044;24503090144;nee;
24532975044;24532975000;ja;active
24532975044;55403996000;ja;active
2500109400028;2500109410028;ja;active
25005900044;25005900144;ja;active+draft
25005979000;79005979100;ja;active+draft
2500600105028;2500600115028;ja;active
2500801000028;2500801000028D;ja;active
25032975044;25032975000;ja;active
25032975044;79003996000;ja;active
25102979000AB;25002082044AB;nee;
25102979000AB;25102084044;ja;active
25107913044;25107913144;ja;active
25111055000;25111155000;nee;
25505900044;25505900144;ja;active+draft
25530902144;2213099404468;ja;active
26102924000;26102924100;ja;active
26105979000;79405979100;ja;draft
26108990200;26108990300;ja;active
26112973000;26112973100;ja;active
26135952044;26135952144;ja;active
2650297900028;25102084044;ja;active
2650297900028;7960218204428;ja;active
26607913044;26607913144;ja;active
2700599005049;2710599015049;ja;active
27005999000;27005083120;nee;
27005999000;27005999100;ja;active
27012978000;27012978100;ja;draft
27013962000;6131396210068A;ja;active
27035010000;27035010100;nee;
27105979040;27105979140;nee;
27105979640;27105979740;nee;
28514926066;28514926044;ja;active
28611980044;28611980000;ja;active
306054;00062030000;ja;active
312305;3PW210075000;ja;draft
318216;AG180001INT;ja;active
318219;AG180003INT;ja;active
318220;AG180004INT;ja;active
3210142;2024008INT;ja;active
3210589;AG180002INT;ja;active
3210917;20210021INT;ja;active
3212087;20170044INT;ja;active
3212175;20170091INT;ja;active
3212443;20170089INT;ja;active
3212449;20170092INT;ja;draft
3212659;20170064INT;ja;active
3212677;20210030INT;ja;active
3AG240048502;3AG240072602;ja;active
3AG240048503;3AG240072603;ja;active
3AG240048504;3AG240072604;ja;active
3AG240048505;3AG240072605;ja;active
3L491929100/01;3L49192910001;ja;active
3L491929100/11;3L49192910011;ja;draft
3L491929100/13;3L49192910013;ja;draft
3PW0920800/01;3PW092080001;ja;draft
3PW122040/05;3PW12204005;ja;draft
3PW122040/06;3PW12204006;ja;draft
3PW1220400/01;3PW122040001;nee;
3PW152030/05;3PW15203005;nee;
3PW152030/07;3PW15203007;ja;draft
3PW1610300/01;3PW161030001;ja;draft
3PW1610500/01;3PW161050001;ja;draft
3PW1610500/02;3PW161050002;ja;draft
3PW1619101/02;3PW161910102;ja;draft
3PW1619101/10;3PW161910110;ja;draft
3PW1619101/11;3PW161910111;ja;draft
3PW1620100/14;3PW162010014;ja;draft
3PW1719500/10;3PW171950010;ja;draft
3PW1729100/02;3PW172910002;ja;draft
3PW1729100/11;3PW172910011;ja;draft
3PW1729100/12;3PW172910012;ja;draft
3PW1729100/13;3PW172910013;ja;draft
3PW1729100/14;3PW172910014;ja;draft
3PW1729100/15;3PW172910015;ja;draft
3PW1729100/16;3PW172910016;ja;draft
3PW1729300/31;3PW172930031;ja;draft
3PW1729300/32;3PW172930032;ja;draft
3PW1729300/33;3PW172930033;ja;draft
3PW1729300/34;3PW172930034;ja;draft
3PW1729300/35;3PW172930035;ja;draft
3PW1729300/41;3PW172930041;nee;
3PW1729300/42;3PW172930042;nee;
3PW1729300/43;3PW172930043;nee;
3PW1729300/44;3PW172930044;nee;
3PW1729300/45;3PW172930045;nee;
3PW1772700;3PW17V2700;ja;draft
3PW1772800;3PW17V2800;ja;draft
3PW1775300;3PW17V5300;ja;draft
3PW1810402;3PW18V0402;ja;draft
3PW1810403;3PW18V0403;ja;draft
3PW1810404;3PW18V0404;ja;draft
3PW1810405;3PW18V0405;ja;draft
3PW1810406;3PW18V0406;ja;draft
3PW1811202;3PW18V1202;nee;
3PW1811203;3PW18V1203;nee;
3PW1811204;3PW18V1204;nee;
3PW1811205;3PW18V1205;nee;
3PW1819200/02;3PW181920002;ja;draft
3PW1819200/10;3PW181920010;ja;draft
3PW1819200/15;3PW181920015;ja;draft
3PW1819400/02;3PW181940002;ja;draft
3PW1819400/22;3PW181940022;ja;draft
3PW1819500/01;3PW181950001;ja;draft
3PW1819500/02;3PW181950002;ja;draft
3PW1819500/03;3PW181950003;ja;draft
3PW1819500/04;3PW181950004;ja;draft
3PW1819500/05;3PW181950005;ja;draft
3PW1819500/06;3PW181950006;ja;draft
3PW1819500/07;3PW181950007;nee;
3PW1819500/08;3PW181950008;ja;draft
3PW1819500/10;3PW181950010;ja;draft
3PW1819500/11;3PW181950011;ja;draft
3PW1819500/12;3PW181950012;ja;draft
3PW1819500/13;3PW181950013;ja;draft
3PW1819500/14;3PW181950014;ja;draft
3PW1819500/15;3PW181950015;ja;draft
3PW1819500/16;3PW181950016;ja;draft
3PW1819500/17;3PW181950017;ja;draft
3PW1819500/21;3PW181950021;ja;draft
3PW1819500/22;3PW181950022;ja;draft
3PW1819500/23;3PW181950023;ja;draft
3PW1819500/24;3PW181950024;ja;draft
3PW1819500/25;3PW181950025;ja;draft
3PW1819500/26;3PW181950026;ja;draft
3PW1819500/27;3PW181950027;ja;draft
3PW1819500/31;3PW181950031;ja;draft
3PW1819500/32;3PW181950032;ja;draft
3PW1819500/50;3PW181950050;ja;draft
3PW1819500/51;3PW181950051;ja;draft
3PW1842103;3PW18V2103;ja;draft
3PW1842104;3PW18V2104;ja;draft
3PW1842105;3PW18V2105;ja;draft
3PW1842106;3PW18V2106;ja;draft
3PW1871600;3PW210065100;ja;draft
3PW18V1600;3PW210065100;ja;draft
3PW1911402;3PW19V1402;nee;
3PW1911602;3PW19V1602;ja;draft
3PW1911603;3PW19V1603;ja;draft
3PW1911604;3PW19V1604;ja;draft
3PW1911605;3PW19V1605;ja;draft
3PW1911606;3PW19V1606;ja;draft
3PW1919100/21;3PW191910021;ja;draft
3PW1919100/22;3PW191910022;ja;draft
3PW1919100/23;3PW191910023;ja;draft
3PW1919100/24;3PW191910024;ja;draft
3PW1919300/11;3PW191930011;ja;draft
3PW1919300/12;3PW191930012;ja;draft
3PW1919300/13;3PW191930013;ja;draft
3PW1919300/14;3PW191930014;ja;draft
3PW1919300/15;3PW191930015;ja;draft
3PW1919300/16;3PW191930016;ja;draft
3PW1920101;3PW19V0301;ja;active
3PW1920102;3PW19V0302;ja;active
3PW1920103;3PW19V0303;ja;active
3PW1920104;3PW19V0304;ja;active
3PW1920105;3PW19V0305;ja;active
3PW1920106;3PW19V0306;ja;active
3PW1920107;3PW19V0307;ja;active
3PW1920108;3PW19V0308;ja;active
3PW1920201;3PW19V0201;ja;draft
3PW1920202;3PW19V0202;ja;draft
3PW1920203;3PW19V0203;ja;draft
3PW1920204;3PW19V0204;ja;draft
3PW1920205;3PW19V0205;ja;draft
3PW1920206;3PW19V0206;ja;draft
3PW1920207;3PW19V0207;ja;draft
3PW1920208;3PW19V0208;ja;draft
3PW1928400/01;3PW192840001;ja;draft
3PW1929100/01;3PW192910001;ja;draft
3PW1929100/11;3PW192910011;ja;draft
3PW1929100/12;3PW192910012;ja;draft
3PW1929100/13;3PW192910013;ja;draft
3PW1929100/14;3PW192910014;ja;draft
3PW1929100/15;3PW192910015;ja;draft
3PW1929100/16;3PW192910016;ja;draft
3PW1929200/01;3PW192920001;ja;active
3PW1929200/11;3PW192920011;ja;draft
3PW1929200/12;3PW192920012;ja;draft
3PW1929200/13;3PW192920013;ja;draft
3PW1929200/14;3PW192920014;ja;draft
3PW1929200/15;3PW192920015;ja;draft
3PW1929200/16;3PW192920016;ja;draft
3PW1929300/21;3PW192930021;ja;draft
3PW1970600;3PW19V0600;ja;draft
3PW1970700;3PW19V0700;ja;draft
3PW1971000;3PW19V1000;ja;draft
3PW1973200;3PW220061400;ja;draft
3PW1980102;3PW19V0102;ja;draft
3PW1980103;3PW19V0103;ja;draft
3PW1980104;3PW19V0104;ja;draft
3PW1980105;3PW19V0105;ja;draft
3PW1982202;3PW19V2202;ja;draft
3PW1982203;3PW19V2203;ja;draft
3PW1982204;3PW19V2204;ja;draft
3PW1982205;3PW19V2205;ja;draft
3PW1990802;3PW19V0802;ja;active
3PW1990803;3PW19V0803;ja;active
3PW1990804;3PW19V0804;ja;active
3PW1990805;3PW19V0805;ja;active
3PW1990806;3PW19V0806;ja;active
3PW1999100/01;3PW199910001;ja;active
3PW1999100/12;3PW199910012;ja;draft
3PW1999100/13;3PW199910013;ja;draft
3PW1999100/14;3PW199910014;ja;draft
3PW200007401;3PW20V007401;ja;active
3PW200007402;3PW20V007402;ja;active
3PW200007403;3PW20V007403;ja;active
3PW200007405;3PW20V007405;ja;active
3PW200007406;3PW20V007406;ja;active
3PW200007602;3PW20V007602;ja;active
3PW200007603;3PW20V007604;ja;active
3PW200007604;3PW20V007604;ja;active
3PW200007605;3PW20V007605;ja;active
3PW200007606;3PW20V007606;ja;active
3PW200008401;3PW20V008401;ja;draft
3PW200008402;3PW20V008402;ja;draft
3PW200008403;3PW20V008403;ja;draft
3PW200008404;3PW20V008404;ja;draft
3PW200008405;3PW20V008405;ja;draft
3PW200008406;3PW20V008406;ja;draft
3PW200008407;3PW20V008407;ja;draft
3PW200008408;3PW20V008408;ja;draft
3PW200008409;3PW20V008409;ja;draft
3PW200008410;3PW20V008410;ja;draft
3PW200008601;3PW20V008601;ja;draft
3PW200008602;3PW20V008602;ja;draft
3PW200008603;3PW20V008603;ja;draft
3PW200008604;3PW20V008604;ja;draft
3PW200008605;3PW20V008605;ja;draft
3PW200008606;3PW20V008606;ja;draft
3PW200008607;3PW20V008607;ja;draft
3PW200008608;3PW20V008608;ja;draft
3PW200008609;3PW20V008609;ja;draft
3PW200008610;3PW20V008610;ja;draft
3PW200009502;3PW20V009502;ja;draft
3PW200009503;3PW20V009503;ja;draft
3PW200009504;3PW20V009504;ja;draft
3PW200009505;3PW20V009505;ja;draft
3PW200009506;3PW20V009506;ja;draft
3PW200009507;3PW20V009507;ja;draft
3PW200009508;3PW20V009508;ja;draft
3PW200012700;3PW20V012700;ja;draft
3PW200023600;3PW20V023600;ja;draft
3PW200024403;3PW200024402;ja;draft
3PW200024600;3PW20V024600;ja;draft
3PW210002302;3PW21V002302;ja;draft
3PW210002303;3PW21V002303;ja;draft
3PW210002304;3PW21V002304;ja;draft
3PW210002706;3PW21V002706;ja;draft
3PW210007802;3PW21V007802;ja;active
3PW210007803;3PW21V007803;ja;active
3PW210007804;3PW21V007804;ja;active
3PW210009000;3PW21V009000;ja;draft
3PW210015300;3PW220042100;ja;draft
3PW210015301;3PW220042101;ja;draft
3PW210015302;3PW220042102;ja;draft
3PW210015303;3PW220042103;ja;draft
3PW210015304;3PW220042104;ja;draft
3PW210015305;3PW220042105;ja;draft
3PW210015306;3PW220042106;ja;draft
3PW210015307;3PW220042107;ja;draft
3PW210015401;3PW220042201;ja;active
3PW210015407;3PW220042207;ja;active
3PW210015500;3PW220041900;ja;active
3PW210015501;3PW220041901;ja;active+draft
3PW210015503;3PW220041903;ja;active+draft
3PW210015504;3PW220041904;ja;active+draft
3PW210015505;3PW220041905;ja;active+draft
3PW210015506;3PW220041906;ja;active+draft
3PW210015507;3PW220041907;ja;active+draft
3PW210015600;3PW220041800;ja;draft
3PW210015602;3PW220041802;ja;draft
3PW210015603;3PW220041803;ja;draft
3PW210015604;3PW220041804;ja;draft
3PW210015606;3PW220041806;ja;draft
3PW210015607;3PW220041807;ja;draft
3PW210015700;3PW220042000;ja;draft
3PW210015701;3PW220042001;ja;draft
3PW210015702;3PW220042002;ja;draft
3PW210015707;3PW220042007;ja;draft
3PW210016701;3PW220042301;ja;active
3PW210016702;3PW220042302;ja;active
3PW210016705;3PW220042305;ja;active
3PW210016706;3PW220042306;ja;active
3PW210016707;3PW220042307;ja;active
3PW210024400;3PW210065800;ja;active
3PW210066301;3PW210079601;ja;draft
3PW210066302;3PW210079602;ja;draft
3PW210066303;3PW210079603;ja;draft
3PW210066304;3PW210079604;ja;draft
3PW210066305;3PW210079605;ja;draft
3PW210066306;3PW210079606;ja;draft
3PW210066307;3PW210079607;ja;draft
3PW210066401;3PW210079701;ja;draft
3PW210066402;3PW210079702;ja;draft
3PW210066403;3PW210079703;ja;draft
3PW210066404;3PW210079704;ja;draft
3PW210066405;3PW210079705;ja;draft
3PW210066406;3PW210079706;ja;draft
3PW210066407;3PW210079707;ja;draft
3PW210066501;3PW210079801;ja;draft
3PW210066502;3PW210079802;ja;draft
3PW210066503;3PW210079803;ja;draft
3PW210066504;3PW210079804;ja;draft
3PW210066505;3PW210079805;ja;draft
3PW210066506;3PW210079806;ja;draft
3PW210066507;3PW210079807;ja;draft
3PW210067001;3PW210079901;ja;draft
3PW210067002;3PW210079902;ja;draft
3PW210067003;3PW210079903;ja;draft
3PW210067004;3PW210079904;ja;draft
3PW210067005;3PW210079905;ja;draft
3PW210067006;3PW210079906;ja;draft
3PW210067007;3PW210079907;ja;draft
3PW230003602;3AG230058002;ja;active+draft
3PW230003603;3AG230058003;ja;active+draft
3PW230003604;3AG230058004;ja;active+draft
3PW230003606;3AG230058006;ja;active+draft
3PW240069500;3AG240069800;ja;active+draft
3PW240069500;3PW240069700;ja;active
3WP210062803;3WP210078603;ja;active+draft
3WP210062804;3WP210078604;ja;active+draft
3WP210062805;3WP210078605;ja;active+draft
3WP210062806;3WP210078606;ja;active+draft
3WP210062807;3WP210078607;ja;active+draft
3WP210062902;3WP210078702;ja;active+draft
3WP210062903;3WP210078703;ja;active+draft
3WP210062905;3WP210078705;ja;active+draft
3WP210062906;3WP210078706;ja;active+draft
3WP210062907;3WP210078707;ja;active+draft
3WP210063000;3WP210078800;ja;active+draft
3WP210063001;3WP210078801;ja;active+draft
3WP210063002;3WP210078802;ja;active+draft
3WP210063003;3WP210078803;ja;active+draft
3WP210063004;3WP210078804;ja;active+draft
3WP210063005;3WP210078805;ja;active+draft
3WP210063006;3WP210078806;ja;active+draft
3WP210063007;3WP210078807;ja;active+draft
3WP210063100;3WP210078900;ja;active+draft
3WP210063101;3WP210078901;ja;active+draft
3WP210063102;3WP210078902;ja;active+draft
3WP210063103;3WP210078903;ja;active+draft
3WP210063104;3WP210078904;ja;active+draft
3WP210063105;3WP210078905;ja;active+draft
3WP210063106;3WP210078906;ja;active+draft
3WP210063107;3WP210078907;ja;active+draft
3WP210063200;3WP210079000;ja;active+draft
3WP210063201;3WP210079001;ja;active+draft
3WP210063202;3WP210079002;ja;active+draft
3WP210063203;3WP210079003;ja;active+draft
3WP210063204;3WP210079004;ja;active+draft
3WP210063205;3WP210079005;ja;active+draft
3WP210063206;3WP210079006;ja;active+draft
3WP210063207;3WP210079007;ja;active+draft
3WP210063300;3WP210079100;ja;active+draft
3WP210063301;3WP210079101;ja;active+draft
3WP210063302;3WP210079102;ja;active+draft
3WP210063303;3WP210079103;ja;active+draft
3WP210063304;3WP210079104;ja;active+draft
3WP210063305;3WP210079105;ja;active+draft
3WP210063306;3WP210079106;ja;active+draft
3WP210063307;3WP210079107;ja;active+draft
3WP210063400;3WP210079200;ja;active+draft
3WP210063500;3WP210079300;ja;active+draft
3WP210063501;3WP210079301;ja;active+draft
3WP210063502;3WP210079302;ja;active+draft
3WP210063503;3WP210079303;ja;active+draft
3WP210063504;3WP210079304;ja;active+draft
3WP210063505;3WP210079305;ja;active+draft
3WP210063506;3WP210079306;ja;active+draft
3WP210063507;3WP210079307;ja;active+draft
3WP210063600;3WP210079400;ja;active+draft
3WP210063601;3WP210079401;ja;active+draft
3WP210063602;3WP210079402;ja;active+draft
3WP210063603;3WP210079403;ja;active+draft
3WP210063604;3WP210079404;ja;active+draft
3WP210063605;3WP210079405;ja;active+draft
3WP210063606;3WP210079406;ja;active+draft
3WP210063607;3WP210079407;ja;active+draft
3WP210063700;3WP210079500;ja;active+draft
3WP210063702;3WP210079502;ja;active+draft
3WP210063703;3WP210079503;ja;active+draft
3WP210063704;3WP210079504;ja;active+draft
3WP210063705;3WP210079505;ja;active+draft
3WP210063706;3WP210079506;ja;active+draft
3WP210063707;3WP210079507;ja;active+draft
43570723;43570624;ja;active
44003007000;71003007000;ja;active
45129075000;A54012920100;ja;active
45205004000;A40005004000;nee;
45210151042;45210151042C1;ja;active
45230052000;45230150000;ja;active
45230052000;45230250000;nee;
45230052000;46230151044;nee;
45233053000;45233153000;nee;
45233054000;45233054100;nee;
45233056100;A40033056000;nee;
45305979000;45305379000;ja;active
45312948444;45212948344;ja;active
45312948444;45302191100;ja;active
45330302000;45330302100;ja;active
45402021000;45402021100;ja;active
45412920000;45412920100;ja;active
45412955044S;45412955144S;ja;active
46032011044;46232011044;nee;
46033070100;46133070000;ja;active
46181307E;46180003;ja;active
46181307E;46181138;ja;active
46203090000;46203990100;ja;active
46203990000;46203990100;ja;active
46205004000;A40505004000;nee;
46230035020;A40530035020;ja;active
46230035050;A40530035050;nee;
46233001000;A40533001000;nee;
46233003000;A40533003000;ja;active
46233005000;A40533005000;nee;
46233006000;A40533006000;nee;
46233012000;A40533012000;nee;
46233013100;A40533013100;ja;active
46233014000;A40533014000;nee;
46233022000;0710001612000;nee;
46233029013;A40533029013;nee;
46233029014;A40533029014;nee;
46302091000;A40502091000;ja;active
46305907000;46305907200;ja;active
46305907100;46305907200;ja;active
46811078;46811078S;nee;
4700109901404;47201999014C1A;ja;active
47001996000;47201996100FAA;ja;active
47009060200;47209960000;ja;active
4701005114804;4721095104804;ja;active
4701005114904;4721095104904;ja;active
4701005115004;4721095105004;ja;active
4710199901404;47201999014C1A;ja;active
47201996000;47201996100FAA;ja;active
47203990000;47203990100;ja;active
47205979000;47205979100;ja;active+draft
47205979050;47205979150;ja;active+draft
47213050044;A41013050244;nee;
47230007100 I;47230007300 I;nee;
47232102000;47232018100;ja;active
47232102000;47232102100;ja;active
47232975044;47203996000;nee;
47232975044;47232975000;nee;
47237065033;47237165033;nee;
47237091000;47237191000;nee;
48600185;S604800001000C1;ja;active
48600186;S604800000000C1;ja;active
48600428;48601008;ja;active
48600429;48601009;ja;active
48600455;48601625;nee;
48600471;48600829;ja;active
48600968;S604800000000C1;ja;active
48600969;S604800001000C1;ja;active
48601178;S604800000000C1;ja;active
48601414;S604800001000C1;ja;active
48601494S;48601494ST;ja;active
48601948;S639200001000FA;ja;active
49033091000;0710002217500;nee;
49109481052;0025080166;ja;active
50101033100;54801133000;nee;
50201669244;R607;nee;
50202021000;63002021100;ja;active
50302036000;50302036200;ja;active
50303090402;77203990060;ja;active
50303190000;50303190100;ja;draft
50303990000;50303990200;ja;active
50305016200;A46005016000;ja;active
5030501700004;50305017000C1;ja;active
50305909510;50305994000;ja;active+draft
50305994500;50305994600;ja;active+draft
50307011000;79107011000;ja;active
5031016511804;A46010965118EB;ja;active
5031080011804;79610965118EB;ja;active
50314065244;50314069144;nee;
50314069044;50314069144;nee;
50329080100;50329080200;ja;active
50330079000;50430079000;ja;active
50339931000;SXS15125390;ja;active
50403090044;50403090144;ja;active
50405907500;51605907500;ja;draft
50430007000 I;50530007000 I;ja;active
50430007100 I;50530007000 I;ja;active
5043010200015;5043010210015;nee;
50437006000;50437006100;ja;active
50437008000;50437008100;ja;active
50439105000;50439105100;nee;
50505979003;50505979103;ja;active+draft
50530015044;50430015044;ja;active
50530018100;50430018000;nee;
51005074000;51005174000;nee;
51009073000;50309073000;ja;active
51012091000;77212991100;ja;active
51012092000;51012092100;ja;active
51012093000;51012093100;ja;active
51503990000;51503990200;ja;draft
51503990100;51503990200;ja;draft
51530000044;52430000033;nee;
51530000044;52430002200;nee;
51539974000;51539974200;ja;active
51539974100;51539974200;ja;active
51605907000;50405907000;ja;draft
51630006000;51630106000;ja;active
51630007000 I;51630007200 I;ja;active
51630007000 II;51630007200 II;ja;active
51630038000;51730038000;ja;active
51630060000;51630060100;ja;active
51637061044;51737061044;nee;
51639031000;51639231000;ja;active
52000024;52000232SET;ja;active
52000090;52000092;ja;active
52000091;52000093;ja;active
52000140;52000232SET;ja;active
52330000444;52430000033;nee;
52330000444;52430002200;nee;
54510052000;0019080266S;ja;active
54601084100;77701084000;ja;active
54603020000;77703020000;ja;active
54603036000;63533032000;ja;active
54605068000;77205068000;ja;active
54605262000;50305012000;ja;active
54609071100;58309071234;ja;active
54610459000;54610459100;nee;
54613218000;54613218100;ja;active
54629012100;54629012200;ja;active
54632011200;54832011000;nee;
54732061044;75032061044;ja;active
54737007000;5473700700098;nee;
54801036000;54801036300;ja;active
54802042400;54802031000;ja;active
54802042400;77713002000;ja;active
54803040000;54803940000;ja;active
54803040050;54803940050;ja;active
54803045200;78109945000;ja;draft
54803046200;78110945100;ja;active
54803190000;54803190100;ja;draft
54803990000;54803990300;ja;draft
54803990100;54803990300;ja;draft
54803990200;54803990300;ja;draft
54807040750;54807040450;nee;
5480901004491;78009010144;ja;active
54809060300;78109960000;ja;active+draft
54809082000;54809082200;ja;active
54810060200;78110960000;ja;active+draft
5481006110004;54810961200C1;ja;active
5481006110030;54810961200C1;ja;active
5481096120004;5481096130004A;ja;active
5481096120030;54810961200C1;ja;active
54812063044;54812063144;ja;active
54813090100;54813990100;ja;active
54813090200;54813990200;ja;active
54813951000;54813951100;ja;active
54813960050;79013961000;ja;active
54829055000;78129955100;ja;active
54829094000;54829094100;ja;active
54831201844;54831201544;ja;active
54832900200;54832900300;ja;active+draft
54833214100;79333114000;nee;
54833215100;79333115000;nee;
54833312000;54833312100;nee;
54835080000;54835980000;ja;active
54837006000;55537006000;ja;active
54837075100;54837075200;nee;
55007006200;0770020130;ja;active
55103990000;55103990200;ja;draft
55103990100;55103990200;ja;draft
55105994000;55105994100;ja;active
55403090044;55403090144;ja;active
55405907500;55405907001;ja;draft
55430097001;55430097101;ja;active
55432910000;55432910100;nee;
55432975044;55403996000;ja;active
55432975044;55432975000;ja;active
55505979003;55505979103;ja;active
55630006000;55630006100;ja;active
55630107000 I;55630307100 I;ja;active
55630107000 II;55630307100 II;ja;active
55630107100 I;55630307100 I;ja;active
56401025100;40540756;nee;
56509064000;56509064100;ja;active
56509072000;60310072200;ja;active
57305016100;57305989100;ja;active
5730801000004;5030801020004;ja;draft
57310001044;77310201044;nee;
58011109030;58011109130;ja;active
5803098500004;2213092004404;ja;active
58036065000;0603061001;ja;active
58038005000;58038005100;ja;active
58038020000;58030021100;ja;active
58210051042;58210951042;ja;active
58210051045;58210951045;ja;active
58210051048;58210951048;ja;active
58210051050;58210951050;ja;active
58210051052;58210951052;ja;active
58214050052;58214050054;ja;active
58301423000;50600018;nee;
58303080244;58303080344;nee;
58310025000;58310025100;ja;active
58310050044;54610416500;nee;
58310050044;5831005024491;ja;active
58310050144;54610416500;nee;
58310050144;58310050344;nee;
58310151048;7771015104801;ja;active
58310151049;7771015104901;nee;
5831015105030;7771015105030;ja;active
58310151051;7771015105101;nee;
58310151052;7771015105201;ja;active
58332011000;76632011000;nee;
58332011100;76632011000;nee;
58332011300;76632011000;nee;
58333034000;59033034044;ja;active
58402030000;76502013000;ja;active
58402030000;77302047000;nee;
58406015000;58406015100;ja;active
58412080200;58412080400;ja;active
58429074000;58429074300;ja;active+draft
58429074200;58429074300;ja;active+draft
58436010044;58336010144;nee;
58534031044;58534031144;nee;
58536060044;58536060144;ja;active
58536061044;58536061144;ja;active
58609060000;25009260000;ja;active
59001032120;59001232020;nee;
59001034020;59001234020;nee;
59001038100;5900103830001S;ja;active
5900103920001S;5900103930001;ja;active
59001092100;5900109410030;ja;active
59001093100;5900109410030;ja;active
5900109400030;5900109410030;ja;active
59003090250;59003990250;ja;active
59006022000;59006922000;ja;active
59010011000;77710011000;ja;active
5901005104504;7771095104504;ja;draft
5901005104804;7771095104804;ja;draft
5901005104904;7771095104904;ja;draft
5901005105004;7771095105004;ja;draft
5901005105204;7771095105204;ja;draft
59011079000;59011079100;ja;active
59013030000;59013930200;ja;active
59013030100;59013930100;ja;active
59013930000;59013930100;ja;active
59029041000;79129941100;ja;active
59029041100;79129941100;ja;active
59030001000;59030001050;nee;
59030001000;59030001100;nee;
59030039000;59030039200;ja;active
59034005000;59034005133;nee;
59035055000;59035055144;ja;active
59036028144;83036028144;ja;draft
59038046000;59038046144;ja;active
59229055000;78929955100;ja;active
59512030000;7901203010004;ja;active
59512030100;7901203000004;ja;active
59512030200;7901203000004;ja;active
6000207910004;6030217900004;ja;draft
6000207910030;6030217910030;ja;active
60005022244;61305922144;ja;active
60010075000;50310075100;ja;active
60012019100;75012919100;ja;active
60012037100;60112037000;ja;draft
60012078100;60012978100;ja;active
60012978000;60012978100;ja;active
60030090000;00050226706;ja;active
60030090000;60030090300;nee;
60038001324;60038001224;nee;
60103940000;76203040250;ja;active
60103940000;76203041250;ja;active
6011001004433;6031001014433;ja;active
60112064144;60112964044;ja;active
60112064244;60112964044;ja;active
60112078000;61912979000;ja;active
60112092180;6011299200030;ja;active
60112919000;60112915044;ja;draft
60112923050;60112923150;ja;active
60112924000;60112924100;ja;draft
60112927044;60112927144;ja;draft
60112929000;60112929100;ja;active
60112978044;60312978144;ja;active
60114069000;60114069200;nee;
60142020000;60142020100;ja;active
6020217900004;6030217900004;ja;draft
6020217900030;6030217910030;ja;active
6030217900028;6030217910028;ja;active+draft
6030217900030;6030217910030;ja;active
60302931144;60302931044;ja;draft
60303990044;60403990044;ja;active
60303990144;60403990044;ja;active
60304937000;60304937100;ja;active
60305979000;60705979000;ja;active
6030597905033;60305979050;ja;active
60305979100;60705979000;ja;active
60305979200;60705979000;ja;active
6030597920033;6070597900033;ja;active
60307914000;60307914100;ja;active
60307940010;60307940011;ja;active
60308965000;60308965100;ja;draft
60308965000;60708008070;ja;active
60308965000;60708008071;ja;active
60309015000;60609015000;ja;active
60309081000;60309081100;nee;
60309176000;60309276000;ja;active
60310072100;60310072200;ja;active
60311034000;60311034100;nee;
60312033000;60312133000;ja;active
60312912044;60312912244;ja;active
60312912144;60312912244;ja;active
60312924000;60312020250;ja;active
60312924000;60312924100;ja;active
60312924150;61412925020;ja;active
60312925010;61412925020;ja;active
60312935044;60712935044;ja;draft
6031296804404;6031296834404;ja;draft
6031296804433;6031296834433;ja;active
6031296814404;6031296834404;ja;draft
6031296814433;6031296834433;ja;active
6031296824404;6031296834404;ja;draft
6031296824433;6031296834433;ja;active
60312978044;60312978144;ja;active
60313909000;61313909000;ja;active
60313950144;60313950044;ja;draft
60314910000;60314910200;ja;draft
60314910033;60814910033;ja;active
60314910044;60314910144;ja;active
60314910100;60314910200;ja;draft
60314910133;60814910033;ja;active
60333006000;61733006000;nee;
60333006000;61733016000;nee;
60333016000;61733006000;nee;
60333016000;61733016000;nee;
60335093000;60335193000;nee;
60402933044;60402933144;ja;active
60412002000;60412002200;ja;active
60412002100;60412002200;ja;active
60412919000;60712919000;ja;active
60412993100;60412993400;ja;draft
60412993200;60412993500;ja;active+draft
60412993300;60412993600;ja;active
60612910044;22112910044C1;ja;active
60612910144;22112910044C1;ja;active
60614937044;60314025000;ja;active
60614937044;60314026000;ja;active
60702139000;60702139100;ja;active
60707947044;6030801310033;nee;
60707947044;60707947000;ja;active
60707947044;60707947033;ja;active
6070990104430;6030910124430;nee;
6070990104430;60309173100;ja;active
6070990104430;60309277100;ja;active
6070990104430;6031010134430;nee;
6070990104430;60310173200;ja;active
6070990104430;60310277100;ja;active
6070990104430;60312133000;ja;active
6070990114430;6030910124430;nee;
6070990114430;60309173100;ja;active
6070990114430;60309276000;ja;active
6070990114430;60309277100;ja;active
6070990114430;6031010134430;nee;
6070990114430;60310173200;ja;active
6070990114430;60310277100;ja;active
6070990114430;60312033050;ja;active
60711085000;60711085100;nee;
60712912044;60712912144;ja;active
60712922144;60312924050;ja;active
60712922144;63512922000;ja;active
60712923144;60312924050;ja;active
60712923144;63512923000;ja;active
60712929000;60712929100;ja;draft
60712929144;60312924050;ja;active
60712929144;63512929000;ja;active
60712992044;60712992144;ja;active
60714020000;60714020100;nee;
60714089000;60714089200;nee;
60714910033;60714910133;ja;active
61002055060;61302933100;ja;active
6100302313333S;6100302323333S;nee;
6100302313333S;61303023120;nee;
61003024000;61003024200;nee;
61003045200;61709945044;ja;active
61004037050;60304937100;ja;active
61005099104;62005989030;ja;active
61007088200;61007088500;ja;active
61012032000;6101293210004;ja;active
61012032002;61012032102;nee;
61012932000;6101293210004;ja;active
61013009100;61313909000;ja;active
61013050044;6101305004401S;nee;
61029055110;69329955010;ja;active
61029055120;69329955020;ja;active
61029055130;69329955030;ja;active
61029055244;6352995500001;ja;active
61029055300;61129965100;ja;active
61029055400;69329955000;ja;active
61029055500;69329965000;ja;active
61029055510;69329965010;ja;active
61029055610;69329965020;ja;draft
61029955044;90229955044;ja;active
61029955110;69329955020;ja;active
61029955244;69329955020;ja;active
61029955244;90229955044;ja;active
61029955620;69329965050;ja;active
61105099140;62005989000;ja;draft
61129965000;61129965100;ja;active
61230026100;61330926044;ja;draft
61236060100;61236060000;nee;
61238021200;61238021400;ja;active
6130199904404;6130199914404;ja;active
61302933000;61302933100;ja;active
61303023020;6100302323333S;nee;
61303023020;61303023120;nee;
61303937044;61303937244;ja;active
61303937144;61303937244;ja;active
61303938021;61334931044;ja;active
61303939021;61313950044;ja;draft
6130495000049;6130495010049;ja;active
61305900044;61305900144;ja;active
61305900144;61305900244;ja;active
61305907000;61305907200;ja;draft
61305907100;61305907200;ja;draft
61305922044;61305922144;ja;active
61305950010;61305950110;ja;active
61305950100;61305950200;ja;active
61305950120;61305950220;ja;active
61305979000;61405979100;ja;active
61305979100;61405979100;ja;active
61305984044;61305984144;ja;active
61307947000;61607947000;ja;active
61308915000;61308915100;ja;active
61309001144EB;61609001244EB;nee;
61309945000;61709945044;ja;active
61312928000;61712928000;ja;active
61312935044;61412935044;ja;active
61312978000;61712978000;ja;active
61313029000;61313029100;nee;
6131307500033S;61313075000C1;nee;
61313931044;61313931244;ja;active
61313931144;61313931244;ja;active
61313932044;61313932244;ja;active
61313932144;61313932244;ja;active
61313962000;6131396210004A;ja;active
6131396200030;61313962100C1A;ja;active
61330986044;6171295104449;ja;active
61342041000;61342041100;ja;active
61405979000;61405979100;ja;active
6140597900033;6140597910033;ja;active
61405979020;61405979120;ja;active
6140597902033;6140597912033;ja;active
6140791400099;6140791400030;ja;active
61407940000;61407940100;ja;active
61408008000;61408008144;nee;
61408508000;61408508044;nee;
61412032010;61412132010;ja;active
61412919000;61612919100;ja;active
61412922000;61412922200;ja;active
61412922100;61412922200;ja;active
61412923000;61412923200;ja;active
61412923100;61412923200;ja;active
61412925000;61412925200;ja;active
61412925000AB;61412922200;ja;active
61412925000AB;61412923200;ja;active
61412925000AB;61412925040ABA;ja;active
61412925000BK;61412922200;ja;active
61412925000BK;61412923200;ja;active
61412925000BK;61412925040BKA;ja;active
61412925000CA;61412922200;ja;active
61412925000CA;61412923200;ja;active
61412925000CA;61412925040CAA;ja;active
61412925000EB;61412922200;ja;active
61412925000EB;61412923200;ja;active
61412925000EB;61412925040EBA;ja;active
61412925100;61412925200;ja;active
61430007010 I;61730007010 I;nee;
61430007010 II;61730007010 II;nee;
61435010000;61435010200;nee;
61508921044;61508921010;ja;active
61508921044;61508921020;ja;active
61508959044;61508960000;ja;active
61508959044;61508961000;ja;active
61508964044;61508962033;ja;active
61508964044;61508963033;ja;active
61605915044;61605915144;ja;active
61612919000;61612919100;ja;active
61635010200;61635010300;nee;
61703937044;61703942144;ja;active
61703937044;61703943044;ja;active
61705999000;61305922144;ja;active
61705999000;61705915044;ja;active
61705999000;61705999044;ja;active
61707958033;61707958133;ja;active
61708910000;6170891000001A;ja;active
61712912044;61712912144;ja;active
61712991100;61712994400;ja;active+draft
61712993500;61712994300;ja;active
61712993600;61712994200;ja;active
61712994100;61712994400;ja;active+draft
61713932044;61713932144;ja;active
61903923050;6190392305001A;ja;active
61905979000;61905979200;ja;active
61905979100;61905979200;ja;active
61907925044;61907925000;nee;
61907925044;61907926000;nee;
61907925044;61907927000;nee;
61907997000;61907997100;ja;active
61908060033C1;61908060133C1;ja;active
61908940044;61908943000;nee;
61908940044;61908944000;nee;
61910967144;61910968000;nee;
61910967144;63710967000;ja;active
61910967144;63710967030;ja;active
61912922000;61912922144;nee;
61912922044;61912926000;ja;active
61912922044;63512922000;ja;active
61912922044;63512925010;ja;active
61912923000;61912923144;nee;
61912927000;61912927144;ja;active
61912927044;61912927144;ja;active
61912929044;61912926000;ja;active
61912929044;63512925010;ja;active
61912929044;63512929000;ja;active
61912932000;61912922144;nee;
61912932000;61912923144;nee;
61912932044;61912922144;nee;
61912932044;61912923144;nee;
61912934044C1;61912934144C1;ja;active
62002903000;93002903100;ja;active
62002903100;93002903100;ja;active
62003022000;62003922000;ja;active
62005099050;62005948000;ja;active
62012025100;62012925000;ja;draft
62012027052;62012027055;ja;active
62012028000;62012029000;ja;active
6201292700030;62012027000;ja;active
6201292700030;6201202702030;ja;active
62012927000AB;62012027000;ja;active
62012927000AB;62012027020AB;ja;active
62012927000BH;62012027000;ja;active
62012927000BH;62012027020BH;ja;active
62012927000BK;62012027000;ja;active
62012927000BK;62012027020BK;ja;active
62012927000EB;62012027000;ja;active
62012927000EB;62012027020EB;ja;active
62108095000BB;61408198000;ja;active
6251311500130;6251301510130;nee;
6251311600130;6251301610130;nee;
62605099001;62005948000;ja;active
63002021000;63002021100;ja;active
6350297900030;63502979020;ja;active
6350297900030;7650297905030;ja;active
6350297900030;76502979144;ja;active
63502979000AB;63502979020;ja;active
63502979000AB;76502979050AB;ja;active
63502979000AB;76502979144;ja;active
63502979000EB;63502979020;ja;active
63502979000EB;76502979050EB;ja;active
63502979000EB;76502979144;ja;active
63503916044C1;63503916444C1;ja;active
63503916144C1;63503916344C1;ja;active
63503923050;63503923150;ja;active
63503990044;63503997010;ja;active
63503990044;63503998010;ja;active
63505979000;63505979100;ja;active
63505979100;63505979200;ja;active
63507908044;63507908144;ja;active
63508910144AB;63501994044C1;ja;active
63508910144AB;63508910000AB;ja;active
63508910144C1;63501994044C1;ja;active
63508910144C1;63508910000C1;ja;active
63508910144EB;63501994044C1;ja;active
63508910144EB;63508910000EB;ja;active
63512012033;63512012133;ja;active
63512012044;63512012066;ja;active
63512012044;63512012133;ja;active
63512919000;63512919100;ja;active
63512922044;63512922000;ja;active
63512922044;63512925010;ja;active
63512922060;63512922160;ja;active
63512922144;63512922000;ja;active
63512922144;63512925010;ja;active
63512923044;63512923000;ja;active
63512923044;63512925010;ja;active
63512923060;63512923160;ja;active
63512923144;63512923000;ja;active
63512923144;63512925010;ja;active
63512924000;63512924100;ja;active
63512925000;63512925100;ja;active
63512927044;63512927144;ja;active
63512929044;63512925010;ja;active
63512929044;63512929000;ja;active
63512929060;63512929160;ja;active
63512929144;63512925010;ja;active
63512929144;63512929000;ja;active
63512929500;63512929644;nee;
63512929544;63512929644;nee;
63512931044;63512931144;ja;active
63512932000;63512932100;ja;active
63512932044;63512924244;nee;
63512932044;63512925144;nee;
63512955044;63512955144;ja;active
63512955544;63503023000C1;ja;active
63512955544;63512955533;ja;active
63512992044;63512992144;ja;active
63513051000;63513151000;nee;
63533030011;C63533030011;ja;active
63535019000;0025050166S;ja;active
63535019000;63535019200;ja;active
63605058100;76105058000;nee;
63605979000;63605979200;ja;active
6360597900033;6360597920033;ja;active
63605979020;63605979120;ja;active
6360597902033;6360597912033;ja;draft
63605979100;63605979200;ja;active
6360597910033;6360597920033;ja;active
63605999000;63605999044;ja;active
63605999000;64115910044;ja;active
63608940044;63608941044;ja;active
63608940044;63608942044;ja;active
6360994504404;6360994516604;nee;
6360994504404;63609946044;nee;
63609945044C1;63609945166C1;nee;
63609945044C1;63609946044;nee;
63612964044;60712964044;ja;active
63612964044;95812964100;ja;active
63630968044;63630968144;ja;active
63707940044;63707940000;ja;active
63707940044;63711986000;ja;active
63707947044;63707947000;ja;active
63707947044;63711920044;ja;active
63710967144;63710967000;ja;active
63710967144;63710967030;ja;active
63712964088;60712964044;ja;active
63712964088;63712944044;ja;active
6410199904404A;6410199914404A;ja;active
6410199918804A;6410199914404A;ja;active
6410199918804A;69001181010;ja;active
6410199918830B;6410199914430B;ja;active
6410199918830B;69001181010;ja;active
64102931044;6410293114404A;ja;active
64103937044;64103937144;ja;active
64105011000;C90705011000;nee;
64105979000;64105979100;ja;active
64105979100;63605979200;ja;active
64107090000;64107090100;nee;
64107955044;64107097100;ja;active
64107955044;64107955133;ja;active
64107955144C1B;64107097100;ja;active
64107955144C1B;64107955133;ja;active
64107955166C1A;64107955144C1B;ja;active
64107955166C1B;64107097100;ja;active
64107955166C1B;64107955133;ja;active
64108908033;64108908244;ja;active
64108908144;64108908344;ja;active
64108915044;64108915144;ja;active
64108997000;64108997100;ja;active
64112912044;64112920000;nee;
64112912044;64112921040;ja;active
64112927044;64112927144;ja;active
64112930000;64112920000;nee;
64112930000;64112921000;nee;
64112932044;64112932144;ja;active
64112940000;64112940200;ja;active
64112940100;64112940200;ja;active
64112955044;64103923000;nee;
64112955044;Z10006;ja;active
64112966000;61611046000;nee;
64112966000;61611046010;nee;
64113031000;64113031100;nee;
64113902044;6411390214404A;ja;active
6411390500030;00010000447;ja;active
64114937066;64114937044;ja;active
69001081000;69001181000;ja;active
69001084000;69001084100;ja;active
6900314000001S;6900314010001S;ja;active
6900314100001S;6900314110001S;ja;active
69003937144;69003937244;ja;active
69007025014;60708025030;ja;active
69007908000;69007908100;ja;draft
69008026000;69008026000;ja;active
69008026000;69008026150;nee;
69008026050;69008026000;ja;active
69008026050;69008026150;nee;
69008110100;69308910000;ja;draft
69009015000;61009015000;ja;active
69009085100;61312983044;ja;draft
69011046044;61311946044;ja;active
69013962000;6131396210004A;ja;active
69014015000;00185006009U0;ja;active
69034032100;A6393403200001;nee;
69034081030;69034981030;ja;draft
69034081044;69034981033;ja;draft
69130986044;6171295104449;ja;active
6930801000049;6170891000001A;ja;active
69329965000;69329965100;ja;active
69329965030;69329965050;ja;active
69329965040;69329965050;ja;active
69330985044;6171295004449;ja;active
70009082000;A46009082000;ja;active
70010060000;70010160000;ja;active
7200293104404;7200293124404;ja;draft
7200293114404;7200293124404;ja;draft
72003990000;72003990100;ja;draft
72005979000;72005979100;ja;draft
72012955044;72512955044;ja;active+draft
7201390204404;7201390224404;ja;draft
7201390214404;7201390224404;ja;draft
72035994000;7203599400004;ja;active
7210297900028;72102084044;ja;active
7210297900028;7960218204428;ja;active
7210297900030;72102084044;ja;active
7210297900030;7960218204430;ja;active
72102979000EB;72102084044;ja;active
72102979000EB;79602182044EB;ja;active
72210079000;72210079100;nee;
75003045000;75609945000;ja;active
75003046100;75610945000;ja;active
75009061000;7500906100033;nee;
75012019100;75012919100;ja;active
75012919000;75012919100;ja;active
75032011110;76632010033;ja;active
75032111100;76632010000;ja;active
75612978000;75612978200;ja;active
75612978100;75612978200;ja;active
7600199904404;7600199914404;ja;draft
76005979000;76005979200;ja;active
76005979100;76005979200;ja;active
76005999200;76005907000;ja;active
76005999200;76005979200;ja;active
76007047100;76007147000;nee;
76007940044;7600794004430;ja;draft
76008915044;76008915144;ja;draft
76012912044;76012912244;nee;
76012925000;76012925100;ja;active
7601296804404;7601296814404;ja;draft
7601296804430;7601296814433;ja;draft
76012992044;76012992244;ja;active
76012992070;76012992170;ja;draft
76012992144;76012992244;ja;active
76013903000;60613903000;ja;active
76014025000;60314025000;ja;active
76014026000;60314026000;ja;active
76105979000C1;76105979140;nee;
76105979000C1;76105999000C1;ja;active
76105979040;76105979140;nee;
76105979500;76105979740;nee;
76105979500;76105999600;ja;active
76105979570;76105979670;nee;
76105979640;76105979740;nee;
76105999500;76105999600;ja;active
76112925044;61912925044;ja;active
76112925044;76112928044;ja;active
76235028000;0310000903200;nee;
76501033000;76501033200;nee;
7650207905004;7650297905004;ja;active
76502979000AB;76502979050AB;ja;active
76502979000AB;76502979144;ja;active
76502979000EB;76502979050EB;ja;active
76502979000EB;76502979144;ja;active
76502979044;76502979144;ja;active
7650297910030;7650297905030;ja;active
7650297910030;76502979144;ja;active
76503028001;76503028101;ja;active
7650801000004;7650801010004;ja;active
7650805000004;7650805400004;ja;draft
7650805100004;7650805400004;ja;draft
7650815000030;7650815010030;ja;active
7650815100030;7650815110030;ja;active
76508999000;76508999200;ja;active
76512020000;76512920000;ja;active
76512027050;76512927000;ja;draft
76513050144;0985080003;ja;active
76513050144;36003014000;ja;active
76513050144;7651305024401;ja;active
76513050144;76513157000;nee;
76513903000;90813903000;ja;active
76633003100;76633103100;nee;
76908050000C1;76908050100C1;ja;active
76908051000C1;76908051100C1;nee;
7690994504404;6360994516604;nee;
7690994504404;76909946044;nee;
76909945044C1;63609945166C1;nee;
76909945044C1;76909946044;nee;
76912955044;76903923000C1;nee;
76912955044;76912955033;nee;
76912955544;7690312300033;nee;
76912955544;76912955533;nee;
77012005000;A54012905000FAA;ja;active+draft
77031001400;77031001700;nee;
77038001100;77038001200;nee;
7710907200004S;A4800907200004S;nee;
77109072000C1S;A48009072000C1S;ja;active
7720199902204;7720199912204;ja;active
7720199902230;7720199912230;ja;active
77202002100;77202002144;ja;active
77202923000;77202923100;ja;active
77203990000;77203990200;ja;draft
77203990100;77203990200;ja;draft
7720406600004;7720406610004;ja;active
7720499400030;7720499410030;ja;active
77206920000;77206920100;ja;active
77206921000;77206921100;ja;active+draft
77207940000;77207940400;ja;draft
77207940200;77207940700;ja;draft
77208190100;77208190400;ja;active
77208190200;77208190500;ja;active
77208190300;77208190600;ja;active
77211942044;77211942144;ja;draft
77211942060;77211942160;ja;active
77212905344;77212905444;ja;active
77212991000;77212991100;ja;active
7723000206004;2213099404404;ja;active
7723000216004;2213099404404;ja;active
7723000216068;2213099404468;ja;active
77230118000;77230018000;nee;
77230902144;2213099404404;ja;active
7723090214430;22130994044C1;ja;active
77232004000;77232104000;ja;active
77235936000;78135936100;ja;active
77235936100;78135936100;ja;active
77236072120;C77236072120;ja;active
77239974000;77239974200;ja;active
77239974050;77239974150;ja;active+draft
77239974100;77239974200;ja;active
77301094150;77301994050;ja;draft
77303990000;77303990100;ja;draft
7730600101004;7730600111004;ja;draft
7730920104430;2610900104430;ja;active
7731020104430;2611000104430;ja;active
7731020104430;78010016000;ja;active
77311953000;79111053000;ja;active
77312030000;77312030100;ja;active
77312066000;79412966050;ja;active
77312066000;79412966100;ja;active
77336008000;77336008200;nee;
77403990000;77403990100;ja;draft
77432900100;77432900300;ja;active+draft
77432900200;77432900300;ja;active+draft
77432960000;77432961000;ja;active
77508190100;77508190200;ja;draft
77508190300;77508190400;ja;active
77512950000;77512950200;ja;active
77512950100;77512950300;ja;active
7770103202204;7900103202204;nee;
7770103412204;7720113402204;nee;
7770109400004;7770109410004;ja;active
7770109400028;7770109410028;ja;active
77701094000EB;77701094100EB;ja;active
7770113202204;7770123202204;nee;
7770207900004;7770217900004;ja;draft
7770207900004;79602084144;ja;active
7770207900004;7960218204404;ja;active
7770207900030;79602084144;ja;active
7770207900030;7960218204430;ja;active
7770207910028;79602084144;ja;active
7770207910028;7960218204428;ja;active
7770207910030;79602084144;ja;active
7770207910030;7960218204430;ja;active
7770217900004;79602084044;ja;active
7770217900004;7960218204404;ja;active
7770217900028;79602084144;ja;active
7770217900028;7960218204428;ja;active
7770217900030;79602084144;ja;active
7770217900030;7960218204430;ja;active
77702179000EB;79602084144;ja;active
77702179000EB;79602182044EB;ja;active
7770297900004;77702979144;ja;active
7770297900004;7810297905004;ja;active
77705907000;77705907100;ja;active
77707908044;77707908244;ja;active
77707908144;77707908244;ja;active
7770898800028;7870898800028;ja;draft
7770898800030;7870898800030;ja;draft
7770898800038;7870898800038;ja;draft
7770898800080;7870898800080;ja;draft
77708990100;77708990200;ja;draft
7771397501030;77713975044;ja;active+draft
77713975020;77713975120;ja;active
7771397511030;24013086000;nee;
7771397511030;7771397521030;nee;
77729030000;77729030200;ja;active
77729030100;77729030200;ja;active
77732010110;78132010110;ja;active
77734931044;77734931144;ja;active
77735936044;77735936244;ja;draft
77805907000;77805907100;ja;active+draft
7800109410020;7800109420028;ja;active
7800109410030;7800109420030;ja;active
7800200500030;7800290500030;ja;active
7800207910028;7800207920028;ja;active
7800207910030;7800207920030;ja;active
7800283120004;7870293104404;ja;active
78003002010;0025060166;ja;active
78003002010;0025060206;ja;active
78003002010;78103002010;ja;active
78003002020;0025060166;ja;active
78003002020;0025060206;ja;active
78003002020;78103002020;ja;active
78003190000;78003190100;ja;draft
78003940010;78003940030;ja;active+draft
78003940144;78003940244;ja;active+draft
7800407010004;7810407010004;ja;active
7800906100030;7800906101030;ja;active
7800906100030;78009961050;ja;active
7800906110030;7800906101030;ja;active
7800906110030;78009961050;ja;active
78010010144;26510010144;ja;active
78010010244;25010010144;ja;active
78010166100;78010266100;ja;active
78010167118;78010267118;ja;active
78010960000;25010960000;ja;active
78011065100;78011065200;nee;
78012016000;78112916000;ja;active
78012916000;78712916000;ja;active
78012917000;78712917000;ja;active+draft
7801380200004;7801380220004;ja;draft
78013900000;78113900100;ja;active
78013900100;78113900100;ja;active
7802906200030;7802996200030;ja;active
78029063000;A54029963000;ja;active
78039205000;78039205100;nee;
78040022000;78940022000;nee;
78101900000;78101900100;ja;active
78101900000;79101900100;ja;active
78101900100;79101900100;ja;active
7810297900004;78102979044;ja;draft
7810297900004;7810297905004;ja;active
78102994000;78102994100;ja;draft
78103190000;78103190100;ja;draft
78103990000;78103990100;ja;draft
78104974000;78104974200;ja;active
78104974100;78104974200;ja;active
7810499400030;7810499410030;ja;active
78105981000;78105981100;ja;active
78107908044;78107908144;ja;active
78107990000;78107990100;ja;active
78108916000;78108916200;ja;active+draft
78108916100;78108916200;ja;active+draft
78110945000;78110945100;ja;active
78111949000;78111994000;ja;active
78112920000;78112920100;ja;active
7811297300099;7811297310099;ja;active
78112978000;78112978200;ja;active
78112978050;78112978150;ja;active+draft
78112978100;78112978200;ja;active
78113900000;78113900100;ja;active
7811390204404;7871390204404;ja;active
78113975044;78113975244;ja;draft
78113975144;78113975244;ja;draft
7811399200004;7871399204404;ja;active
78129955000;78129955100;ja;active
78129983000;78129984000;ja;active
78132002111;78132002244;ja;active
78132002200;78132002244;ja;active
78132002300;78132002244;ja;active
78132018000;78132018100;ja;active
78132900100;78132900300;ja;active+draft
78132900200;78132900300;ja;active+draft
78135936000;78135936100;ja;active
78135941044;78135941244;ja;active
78708990200;78708990600;ja;draft
78901939044;79701939044;ja;active
78901939144;79701939144;ja;active
78901939244;79701939244;ja;active
78901939344;79701939344;ja;active
78901939444;79701939444;ja;active
78905907000;78905907100;ja;active+draft
7891000104430;2611000104430;ja;active
78910960000;78910960100;ja;active
78913914000;78913914100;ja;active
78913975044;24013086000;nee;
78913975044;78913975144;ja;active
78913975044;79113975033;nee;
78913975144;24013086000;nee;
78913975144;79113975033;nee;
78913975144;79113975044;ja;active
78929955000;78929955100;ja;active
78930007210 I;79430107110 I;ja;active
78930007210 II;79430107110 II;ja;active
78930007310 I;79430107110 I;ja;active
78930007310 II;79430107110 II;ja;active
78936030010;78936030110;ja;active
79001940044;79001940144;ja;active
79001996000;A54001996000FAA;ja;active
79002013000;79002013100;ja;active
79002121100;79002121200;ja;active
79002924000;79002924100;ja;active
79004905000;A54004905000FAA;ja;active
79005078640;79105081085;nee;
79005078640;A49005081086;nee;
79005900044;25005900144;ja;active+draft
79005900144;25005900144;ja;active+draft
79005979000;79005979100;ja;active+draft
79005989080;SXS12350509;ja;active
7900699800004;7900699810004;ja;active
79006998044;7900699810004;ja;active
79008990000;79008990100;ja;active
7900990104404;A4600990114404;nee;
7900990114404;A4600990114404;nee;
7900990114430;A46009901044C1;ja;active+draft
7900991004404;7900991014404;nee;
7900996100030;7800906101030;ja;active
7900996100030;79009961050;ja;active
7900998106004;7900998126004;ja;active
7900998106068;7900998126068;nee;
79009981060C1;79009981260C1;ja;active
7900998116004;7900998126004;ja;active
79009981160C1;79009981260C1;ja;active
7901090104404;7901090114404;ja;active
7901090204404;7901090214404;ja;draft
7901091004404;7901091024404;nee;
7901091014404;7901091034404;nee;
79010965118EB;A46010965118EB;ja;active
79011153000;79011055100;ja;active
79011153000;79011056100;ja;active
79011153000;79111053000;ja;active
79011955044;79011055100;ja;active
79011955044;79011056100;ja;active
79012906000;79012906200;ja;active
79012906100;79012906200;ja;active
79012950100;79012950200;ja;active
79032975044;79003996000;ja;active
79032975044;79032975000;ja;active
79039074000;79039974144;ja;active
79039974044;79039974144;ja;active
79101900000;79101900100;ja;active
79101996000;A54001996500FAA;ja;active
7910297900028;79102984000;ja;active
7910297900028;7960218204428;ja;active
7910297900030;79102984000;ja;active
7910297900030;7960218204430;ja;active
79102979000AB;79102984000;ja;active
79102979000AB;79602182044AB;ja;active
79102979000EB;79102984000;ja;active
79102979000EB;79602182044EB;ja;active
79103002000;0025050126;ja;active
79103002000;79103002100;ja;active
7910309400030;7910309410030;ja;active
79103094000EB;79103094100EB;ja;active
79103990044;A54003990644;ja;active
79103994000;79103994000EB1;ja;active
79104082030;0760243050;ja;active
79104082030;77204080020;ja;active
79104082032;0760253270;ja;active
79104082032;77204080130;ja;active
79107913044;79107913144;ja;active
79108007000EB;79108007100EB;ja;active
7910907200004;A4800907200004S;nee;
7910907200004S;A4800907200004S;nee;
7910907200030S;A48009072000C1S;ja;active
7910907200068;7910907200068S;ja;active
7910907200068S;7710907200068;nee;
79109998000;79109998100;ja;active
79113975044;24013086000;nee;
79113975044;79113975033;nee;
79114086000;79114086100;ja;active
79129941000;79129941100;ja;active
79129955000BJC;79129955000BJ;ja;active
79129955000BJC;79129955014;ja;active
79129955000EBA;79129955000EB;ja;active
79129955000EBA;79129955011;nee;
7913503400028;79135034000AB;ja;active
79139090000;79139190000;ja;active
79205900044;25505900144;ja;active+draft
79205900144;25505900144;ja;active+draft
79229048000;79229048100;ja;active
79230125000;79230125100;ja;active
79230926044;25530826000;ja;active+draft
79232910000;79232910100;nee;
79233029013;A46033029013;ja;active
79233029014;A46033029014;ja;active
79403994000;79403994100;ja;active
7940399400030;7940399410030;ja;active
79403994000EB;79403994100EB;ja;active
79405900044;26105900044;ja;active+draft
79405979000;79405979100;ja;draft
79406226033;79406226133;nee;
7940898800028;7960898800028;ja;active
7940898800030;7960898800030;ja;active
79408990500;79408990600;ja;draft
79412910000;79619910000;ja;active
79412966000;79412966100;ja;active
79413051000;A48013051000;ja;active
79419910000;79619910000;ja;active
79430107010 I;79430107110 I;ja;active
79430107010 II;79430107110 II;ja;active
79430920044;2213092004404;ja;active
79432900000;79432900100;ja;active+draft
79432975044;79403996000;ja;active
79432975044;79432975000;ja;active
79433010000;79533510000;nee;
79433013100;79533013000;nee;
79434015000;0012060303;ja;active
79434015000;79434015100;nee;
79435952044;79435952144;ja;active
79503990044;A54003990744;ja;active
79532102010;79532102110;ja;active
79532102030;79532102130;ja;active
79601905000;79601905000T;ja;active
79602084044;79602084144;ja;active
7960297900028;79602084144;ja;active
7960297900028;7960218204428;ja;active
7960297900030;79602084144;ja;active
7960297900030;7960218204430;ja;active
79602979000AB;79602084144;ja;active
79602979000AB;79602182044AB;ja;active
79602979000EB;79602084144;ja;active
79602979000EB;79602182044EB;ja;active
79604905000;A54004905500FAA;ja;active
79607913044;79607913133;ja;draft
79608052000;79608152000;ja;active
79608978000;79608978100;ja;active
79609917000C1;79609917100C1;ja;active
79609917000EB;79609917100EB;ja;active
79609919000C1;77709916044;nee;
79609919000C1;79609917100C1;ja;active
79609919000EB;77709916044;nee;
79609919000EB;79609917100EB;ja;active
79610915000EB;79610915100EB;ja;active
79610917000EB;79610917100EB;ja;active
79610919000EB;78010916044;nee;
79610919000EB;79610917100EB;ja;active
79610919100C1;78010916044;nee;
79610919100C1;79610917100C1;ja;active
79612955044;79612955244;nee;
79612955144;79612955244;nee;
79612955500;79612955600;nee;
79612955544;79612955600;nee;
79612955544;81203023044;nee;
79613975044;24013086000;nee;
79613975044;79613975033;nee;
79614901000;79614901100;ja;active
79629974000;A54029974000;ja;active
7970297900028;7960218204428;ja;active
7970297900028;79702984044;ja;active
7970297900030;7960218204430;ja;active
7970297900030;79702984044;ja;active
79702979000AB;79602182044AB;ja;active
79702979000AB;79702984044;ja;active
79702979000EB;79602182044EB;ja;active
79702979000EB;79702984044;ja;active
79705081000;79705081200;nee;
79707088100;79707088400;nee;
79707088200;79707088400;nee;
79707913044;79707913144;ja;active
79712919000;79707940000;nee;
79712919000;79712919010;nee;
79712919000;79712919150;ja;active
80307908044;80307908144;ja;draft
80312002000;3HS210075100;ja;active
81210072000;81210072200;ja;active
81210072100;81210072200;ja;active
8121027000030;8121027010030;ja;active
81212016000;81212016100;ja;active
81214050050;79014950044;ja;active
81235941044;81235941144;ja;active
8130199400049;7900199400049;ja;active
81301996000;A54001996000FAA;ja;active
8130199902268;2620199902168;ja;active
81302033000;81302933044;ja;active
8130290100068;2510290100068;ja;active
81312905000;A54012905000FAA;ja;active+draft
81312906000;81312906100;ja;draft
81312907100;81312907200;nee;
81312920000;81312920100;ja;active
81313975144;26113975044;ja;active
81313975244;26113975044;ja;active
81338941500;25538941044;ja;active
83061050044;8306105004401;nee;
90102979044AB;76502979050AB;ja;active
90102979044AB;76502979144;ja;active
90102979044AB;90112979100;ja;active
90102979044EB;76502979050EB;ja;active
90102979044EB;76502979144;ja;active
90102979044EB;90112979100;ja;active
9010297924430;7650297905030;ja;active
9010297924430;76502979144;ja;active
9010297924430;90112979100;ja;active
9010297934430;6030217910030;ja;active
9010297934430;90112979100;ja;active
9010297944404;7800207910004;ja;active
9010297944404;90112979100;ja;active
9010297944430;7800207920030;ja;active
9010297944430;90112979100;ja;active
90103041033;93003042000;nee;
90103041033;93003141033;nee;
9010394004401S;6900314010001S;ja;active
9010394004401S;6900314110001S;ja;active
9010394004433S;6900314010033S;ja;active
9010394004433S;6900314110033S;nee;
90108999200;90608999000;ja;draft
90110015100;00050002115;ja;active
90112078000;61712978000;ja;active
90112927044;90112927144;ja;active
90112935000;90112935100;ja;active
90112979000;90112979100;ja;active
90114126000;91214025000;ja;active
90205999000;90805999100;ja;draft
90207940000;90207940100;ja;active
9021296804404;9021296814404;ja;draft
9021296814433;90212968244C1;ja;active
90212968144EB;90212968244EB;ja;active
90238035000;90238034000;nee;
90502931044;90502931244;ja;active
90502931144;90502931244;ja;active
90504965000;90504965100;ja;active
90505999000;90505999100;ja;draft
90507940000;90507940100;ja;active
90508908000;90508908044;ja;active
90508920000;90508920100;ja;draft
90508920044;90508920144;ja;draft
90513950044;93013950144;ja;active
90605999000;90505999100;ja;draft
9061296804404;9061296814404;ja;active
9061296814433;90612968244C1;ja;active
90612968144EB;90612968244EB;ja;active
90803937044;90803937144;ja;draft
90805950044;90805950144;ja;draft
90805999000;90805999100;ja;draft
90813030000;96313030000;nee;
91410098S;S809900029S0000;ja;active
91410099S;S809900030S0000;ja;active
91410100S;S809900031S0000;ja;active
91410101S;S809900032S0000;ja;active
91410102S;S809900033S0000;ja;active
91410103S;S809900034S0000;ja;active
91410104S;S809900035S0000;ja;active
91410105S;S809900036S0000;ja;active
91410106S;S809900037S0000;ja;active
93007955100;93007940044;ja;active
93007955100;93007998100;nee;
93007955200;93007940044;ja;active
93007955200;93007998000;nee;
93009960044;93009960010;nee;
93009960044;93309960000;ja;active
93012008000;93012908000;nee;
93012009000;93012909000;nee;
93012541000;93012041000;ja;active
93012908044;93012909044;ja;active
93012919033;93012919233;ja;active
93012919133;93012919233;ja;active
93013950044;93013950144;ja;active
94512908044C1;94512908000C1;nee;
94512908044C1;94512909000C1;nee;
94512969044;94512969044C1;ja;active
95809901044C1;60710073000;ja;active
95809901044C1;95809002133C1;nee;
95809901044C1;95809968144;nee;
95809901044C1;95809973000;nee;
95809901044C1;95810002133C1;nee;
95812925044;79712919150;ja;active
95812925044;95812913150;nee;
95812925044;95812925010;nee;
95812927044;95812927144;ja;active
95812932044;95812932144;ja;active
95812968044EB;95812968244EB;ja;active
96005979000;96005979200;ja;active
96005979100;96005979200;ja;active
96005979500;96005979600;ja;active
96005979500C1;96005979600C1;ja;active
96007940044;00010000419;nee;
96007940044;96007940100C1A;ja;active
96008915144C1;61708916144;ja;active
96008915144C1;96008915133;nee;
9630297908830;7650297905030;ja;active
9630297908830;76502979144;ja;active
9630297908830;96302979044;nee;
96302979088AB;76502979050AB;ja;active
96302979088AB;76502979144;ja;active
96302979088AB;96302979044;nee;
96302979088EB;76502979050EB;ja;active
96302979088EB;76502979144;ja;active
96302979088EB;96302979044;nee;
96307940044;96007040000C1;nee;
96307940044;96007047040CA;nee;
96308975033;96308975133;ja;active
96312955044;96303923000C1;nee;
96312955044;Z10008;nee;
A39032066000;A59032066000;nee;
A40033001000;A40033001100;ja;active
A40033010000;A40033010100;nee;
A40508007000EB;A40508007000EBA;nee;
A42002979000AB;79602182044AB;ja;active
A42002979000AB;A46002979050;nee;
A42002979000C1;7960218204430;ja;active
A42002979000C1;A46002979050;nee;
A42002979000EB;79602182044EB;ja;active
A42002979000EB;A46002979050;nee;
A42003090544;A42003090044;ja;active
A42003090544;A46003090020;ja;active
A42006906044;A46006906033;nee;
A42006906044;A48006015000A;ja;active
A42006906044;A48006016100;nee;
A42012954044;A42005907500;ja;active
A42012954044;A42012954033;nee;
A42012954544;A42005907500;ja;active
A42012954544;A42005979000;ja;active
A42012954544;A42012954033;nee;
A42012954744;A42005907001;ja;active
A42012954744;A42005979003;ja;active
A42012954744;A42012954033;nee;
A44003090544;A44003090044;ja;active
A44003090544;A46003090020;ja;active
A44006906044;A45005979000;ja;active
A44006906044;A49003002050;nee;
A44030994044;A48030994144;ja;active
A45030007110 I;A45030007010 I;nee;
A45030238000;A45030338000;nee;
A46002922044;A46002925144;nee;
A46002922044;A54007930000C1;ja;active
A46002922044;AP10C203W200200;nee;
A46003012044C1;A46003013000C1;nee;
A46003012044C1;A46003014000C1;nee;
A46003040000;A46003140000;ja;active
A46003090544;A46003090020;ja;active
A46003090544;A46003090044;ja;active
A46003912044C1;A46003013100C1;nee;
A46003912044C1;A46003014100C1;nee;
A46003990044;A46003990144;ja;active
A46003990544;A46003090020;ja;active
A46003990544;A46003990144;ja;active
A46006906044;A46006906033;nee;
A46006906044;A47005979000;ja;active
A46006906044;A48006015000A;ja;active
A46006906044;A48006016000;nee;
A46006906544;A46006906033;nee;
A46006906544;A47005979500;nee;
A46006906544;A48006015000A;ja;active
A46006906544;A48006016000;nee;
A46007012000;A46007012100;ja;active
A4600990104404;A4600990114404;nee;
A46010917000C1;A46010917100C1;ja;active
A46010919000C1;A46010015010;ja;active
A46010919000C1;A46010917100C1;ja;active
A46010919000EB;A46010015010;ja;active
A46010919000EB;A46010917000EB;ja;active
A46010919100C1;A46010015010;ja;active
A46010919100C1;A46010917100C1;ja;active
A46013050044;A46013050144;ja;active
A46013975044;24013086000;nee;
A46013975044;A46013975010C1;ja;active
A46014986044;A46014986033;ja;active
A46014986044;A46014987033;ja;active
A46014986088EB;A46008010144EB;ja;active
A46014986088EB;A46014986033;ja;active
A46014986088EB;A46014987033;ja;active
A46030994044;A48030994144;ja;active
A46034015000;A46034115000;nee;
A48013050044;A46013050144;ja;active
A48030994044;A48030994144;ja;active
A48035024000;A48035124000;nee;
A49002979000AB;79602084144;ja;active
A49002979000AB;A49002082044AB;nee;
A49002979000C1;79602084144;ja;active
A49002979000C1;A49002082044C1;nee;
A49002979000EB;79602084144;ja;active
A49002979000EB;A49002082044EB;ja;active
A4901397504404;24013086000;nee;
A4901397504404;A4901397503304;ja;active
A4901397504430;24013086000;nee;
A4901397504430;A49013975033C1;nee;
A490C467X311220;A490C467Y311220;ja;active
A54029994000;A54029994000C1;ja;active
A54102979000AB;A49002082044AB;nee;
A54102979000AB;A54002084044;nee;
A60103937044;76203040250;ja;active
A60103937044;76203041250;ja;active
A60103937044;A60103937088;nee;
A60112925044;95812922200;nee;
A60112925044;A60112923001;nee;
A60112925088;A60112922088;nee;
A60112925088;A60112923088;nee;
A60112964044;44011076140;ja;active
A60112964044;96011944044;ja;active
A60112964044;A60112964030;nee;
A60303937044;A60103937088;nee;
A60303937044;A62603940044;ja;active
A60303937044;A62603941044;ja;active
A60602902044;A60602902000;nee;
A60602902044;A60602902088;nee;
A60703937044;61703943044;ja;active
A60703937044;A60703942044;ja;active
A60705979000;A60705979100;ja;active
A60705999044;A60705999000;ja;active
A60705999044;A60715910044;ja;active
A60707947000;A60707947000C1C;ja;active
A60708907044;A60708907088;nee;
A60708907044;A62408907000;nee;
A60708908044;A60708908000;ja;active
A60708908044;A60708908088;ja;active
A60708908544;A60708908588;ja;active
A60708908544;A62408908100;ja;active
A60708908644;A60708908588;ja;active
A60708908644;A6240890860001A;ja;active
A60708915044;61708916144;ja;active
A60708915044;A60708915033;ja;active
A60708920444;A60708920033;ja;active
A60708920444;A60708920100;ja;active
A60708954044;A60708950033;ja;active
A60708954044;A60708951033;ja;active
A60708954044;A60708954033;ja;active
A60712955044;64103923000;nee;
A60712955044;Z10007;ja;active
A60735933044;A60735931033;ja;active
A60735933044;A60735932033;ja;active
A61001994044;A61001092010;nee;
A61001994044;A61001093010;nee;
A61007925044;A61007925010;ja;active
A61007925044;A61007925020;ja;active
A61008908044;A61008008000;ja;active
A61008908044;A61014912044;ja;active
A61008908088;A61008108000;ja;active
A61008908088;A61014912044;ja;active
A61011953044;A61011953144;ja;active
A61014986044;A60714986044;ja;active
A61014986044;A61014987044;ja;active
A61029974044;A61029974000;ja;active
A61029974044;A61029974080;ja;active
A61029974144;A61029974000;ja;active
A61029974144;A61029974180;ja;active
A61029974244;A61029974000;ja;active
A61029974244;A61029974280;ja;active
A61029974344;A61029974000;ja;active
A61029974344;A61029974380;ja;active
A61029974444;A61029974000;ja;active
A61029974444;A61029974480;ja;active
A62405999000;61305922144;ja;active
A62405999000;61705999044;ja;active
A62405999000;A62405915044;nee;
A62408907044;00010000418;nee;
A62408907044;A62408907000;nee;
A62408908044;A62408908040;ja;active
A62408908044;A62408908100;ja;active
A6240890804449;A62408908040;ja;active
A6240890804449;A6240890860001A;ja;active
A62408908144;A60708908000;ja;active
A62408908144;A62408908188;ja;active
A62408931088;A62408956188;ja;active
A62408931088;A62408957188;ja;active
A62409960044;A62409960000;ja;active
A62409960044;A62409965000;nee;
A62412940044;A62412940001;nee;
A62412940044;A62412941001;nee;
A62412992010;A62412992110;ja;active
A62412993030;A62412993130;ja;active
A62603940088;A62603940044;ja;active
A62603940088;A62603941044;ja;active
A62608960044;A62608960088;ja;active
A62608960044;A62608961088;ja;active
A62612068044EB;A62612168044EB;ja;active
A62612168044C1;A62612168088C1;nee;
A62612168044C1;A62612969088;nee;
A62612168044EB;A62612168088EB;nee;
A62612168044EB;A62612969088;nee;
A62612922088;A62612922188;nee;
A62612923088;A62612923188;nee;
A62612925044;61912908050;ja;active
A62612925044;A62612922044;ja;active
A62612925044;A62612923044;ja;active
A62612925088;61912908050;ja;active
A62612925088;A62612922188;nee;
A62612925088;A62612923188;nee;
A62612927088;A62612927188;ja;active
A62612968044EB;A62612968088EB;nee;
A62612968044EB;A62612969088;nee;
A6403894100004A;A6403894100004;ja;active
A65408915044;61708916144;ja;active
A65408915044;A65408915088;nee;
A66008908044;A6240890860001A;ja;active
A66008908044;A66008908588;ja;draft
A66008908544;A62408908100;ja;active
A66008908544;A66008908588;ja;draft
A66008908644;A60708908000;ja;active
A66008908644;A66008908688;ja;draft
A67402907044;A67402805000C1;nee;
A67402907044;A67402806000C1;nee;
A67403937000;A67403860000C1;nee;
A67403937000;A67403860010C1;nee;
A67403937000;A67403937044;nee;
A67405899044;A67405807000;nee;
A67405899044;A67405883000;nee;
A67405899044;A67415910044;nee;
A67405999044;A60705999000;ja;active
A67405999044;A67415910044;nee;
A67407925044;A67407925001;nee;
A67407925044;A67407925002;nee;
A67407925044;A67407925004;nee;
A67408930044;A67408931044;nee;
A67408930044;A67408932044;nee;
A67412919044;A67412919051;nee;
A67412919044;A67412919088;nee;
A67508908044;A67508008033CBA;nee;
A67508908044;A67514012000;nee;
A67508920044;A60708920100;ja;active
A67508920044;A67508920088;ja;active
A67908908044;A60708908000;ja;active
A67908908044;A67908908088;ja;active
A67908908544;A62408908100;ja;active
A67908908544;A67908908588;ja;active
A67908908644;A6240890860001A;ja;active
A67908908644;A67908908588;ja;active
A67912955044;64103123000C1;nee;
A67912955044;Z10009;ja;active
A68113929044;A68113029020;ja;active
A68113929044;A68113929015;ja;active
AP06C100U001221;AP06C100U001220;ja;active+draft
AP06C100U001221;S838820002S0000;nee;
C0000250603000S;0025060306S;ja;active
R12012;46180010;nee;
R12012;R12012T;ja;active
R12025;46180010;nee;
R12025;R12012T;ja;active
R14033;R14033T;ja;active
R14041;00501020S1T;nee;
R14041;R14047T;ja;active
R14041;RP10048T;ja;active
R14042;R14042T;ja;active
R14046;RP10048T;ja;active
R14047;R14047T;ja;active
R14062;R14062T;nee;
R14063;R14047T;ja;active
R14063;RP10048T;ja;active
R15006;46180010;nee;
R15006;R12012T;ja;active
R24002;R24002T;nee;
R516;R516T;ja;active
RP10006;RP10006T;ja;active
RP10007;RP10027T;ja;active
RP10011;46180007;nee;
RP10011;R12012T;ja;active
RP10012;RP10048T;ja;active
ST930000000;ST930000100;ja;active
SXS04065100;46301996000;ja;active
SXS04085100;47201996100FAA;ja;active
SXS04250502;SXS04250512;ja;active
SXS05450200;2213092004404;ja;active
SXS05450600;78112920100;ja;active
SXS07250512;77405981000;ja;draft
SXS07450255;77338941044;ja;active
SXS07450504;SXS11450505;ja;draft
SXS07450505;SXS11450506;ja;active
SXS08085500;SXS12085500;ja;active
SXS08125610;79101900100;ja;active
SXS08450512;SXS10450512;ja;active
SXS08530512;78105981100;ja;active
SXS09050500;45305307000;ja;draft
SXS09300245;54837905044;ja;active
SXS09450210;60402933144;ja;active
SXS09450512;SXS13450513;ja;draft
SXS11125007;SXS14125007;ja;active
SXS11150560;50305981000;ja;active+draft
SXS11250700;78107908144;ja;active
SXS11300510;55105994100;ja;active
SXS11450255;77338941044;ja;active
SXS11530512;78105981100;ja;active
SXS12150560;50305981000;ja;active+draft
SXS12250512;77405981000;ja;draft
SXS12250560;55105981000;ja;active+draft
SXS12350550;77405907000;ja;active+draft
SXS12450550;78105909000;ja;active+draft
SXS12450600;78112920100;ja;active
SXS12500512;78105981100;ja;active
SXS12500550;78105909000;ja;active+draft
SXS12540100;A54001996000FAA;ja;active
SXS13050034;45330326066;ja;active
SXS13050132;45330302100;ja;active
SXS13065032;SXS14065032;ja;active
SXS13085032;SXS14085032;ja;draft
SXS13085035;SXS14085035;ja;draft
SXS13085044;SXS15085044;ja;active+draft
SXS13085050;SXS15085044;ja;active+draft
SXS13105000;SXS16105000;ja;active+draft
SXS13125050;SXS13125044;ja;active+draft
SXS13250050;SXS13250044;ja;active+draft
SXS13300050;SXS13300044;ja;active+draft
SXS13450460;7910199902104;ja;active
SXS13450512;SXS13450513;ja;draft
SXS13540100;A54001996000FAA;ja;active
SXS14050132;45330302100;ja;active
SXS14125200;SXS07125200;ja;active
SXS16125007;50530938000;ja;active+draft
SXS17300090;55639031100;ja;active
T1240S;T15085;ja;active
T14015;T14015S;ja;active
T14073S;T14073;ja;active
T506;T506S;ja;active
T511;T14034;ja;active
T529;T529S;nee;
U6907834;7900199400049;ja;active
U6907846;79013961000;ja;active
U6908840;7771097605004;ja;active
U6909807;T14047;ja;active
U6910016;55102925000;ja;draft
U6910017;78102925000;ja;active
U6910046;77512950200;ja;active
U6910047;79412950000;ja;active
U6910052;U6912012;ja;draft
U6910054;U6912014;nee;
U6910061;7720399400030;ja;draft
U6910066;77719910000;ja;draft
U6912026;4710399400004;ja;draft
U6950996;U6912010;ja;active
U6951045;78129984000;ja;active
U6951087;79109998100;ja;active
U6951126;00029996100;ja;active
U6951345;78112964000;ja;active
U6951439;7771097615004;ja;active
U6951562;7811297310099;ja;active
U6955037;77512950300;ja;active
UPP1505013;79005907500;ja;active+draft
UPP1505015;79005907500;ja;active+draft
UPW1929300/01;UPW192930001;nee;
UPW1929300/02;UPW192930002;nee;
UPW1929300/03;UPW192930003;nee;
UPW1929300/04;UPW192930004;nee;
UPW1929300/05;UPW192930005;nee;
UPW1929300/06;UPW192930006;nee;
UPW1929300/10;UPW192930010;nee;
UPW1929300/11;UPW192930011;nee;
UPW1929300/12;UPW192930012;nee;
UPW1929300/13;UPW192930013;nee;
UPW1929300/14;UPW192930014;nee;
WP170072INT;WP210009INT;ja;active+draft
WP170073INT;WP210006INT;ja;active
WP170079INT;WP210001INT;ja;active
ZG10004;ZG10004T;ja;active
