Product Ids,Make,Model,Year
,WP,390 Duke,2025
,WP,250 Duke,2025
,WP,200 Duke,2025
,WP,Ducati 1199 Panigale,2011
,WP,Ducati 1199 Panigale,2012
,WP,Ducati 1199 Panigale,2013
,WP,Ducati 1199 Panigale,2014
,WP,Sherco 125 SE-R,2019
,WP,Sherco 125 SE-R,2020
,WP,Ducati 1299 Panigale,2015
,WP,Ducati 1299 Panigale,2016
,WP,Ducati 1299 Panigale,2017
,WP,Ducati 1299 Panigale R FE,2018
,WP,TE 250,2023
,WP,Sherco 250 SE-R Factory,2015
,WP,Sherco 250 SE-R Factory,2016
,WP,Sherco 250 SEF-R,2015
,WP,Sherco 250 SEF-R,2016
,WP,Sherco 250 SEF,2015
,WP,Sherco 250 SEF,2016
,WP,Sherco 250 SEF-R,2017
,WP,Sherco 250 SEF-R,2018
,WP,Sherco 250 SEF-R,2019
,WP,Sherco 250 SEF-R,2020
,WP,Sherco 250 SE-R,2017
,WP,Sherco 250 SE-R,2018
,WP,Sherco 250 SE-R,2019
,WP,Sherco 250 SE-R,2020
,WP,Sherco 300 SE-R Factory,2015
,WP,Sherco 300 SE-R Factory,2016
,WP,Sherco 300 SEF-R,2015
,WP,Sherco 300 SEF-R,2016
,WP,Sherco 300 SEF,2015
,WP,Sherco 300 SEF,2016
,WP,Sherco 300 SEF-R,2017
,WP,Sherco 300 SEF-R,2018
,WP,Sherco 300 SEF-R,2019
,WP,Sherco 300 SEF-R,2020
,WP,Sherco 300 SE-R,2017
,WP,Sherco 300 SE-R,2018
,WP,Sherco 300 SE-R,2019
,WP,Sherco 300 SE-R,2020
,WP,Sherco 450 SE,2015
,WP,Sherco 450 SE,2016
,WP,Sherco 450 SEF-R,2017
,WP,Sherco 450 SEF-R,2018
,WP,Sherco 450 SEF-R,2019
,WP,Sherco 450 SEF-R,2020
,WP,125 EXC Six Days,2012
,WP,125 EXC,2012
,WP,200 EXC,2012
,WP,250 EXC Six Days,2012
,WP,250 EXC,2012
,WP,300 EXC Six Days,2012
,WP,300 EXC,2012
,WP,300 EXC Six Days,2023
,WP,125 RC 2,2012
,WP,250 EXC-F Six Days,2012
,WP,250 EXC-F,2012
,WP,350 EXC-F Six Days,2012
,WP,350 EXC-F,2012
,WP,350 EXC-F Six Days,2023
,WP,450 EXC Six Days,2012
,WP,450 EXC,2012
,WP,500 EXC Six Days,2012
,WP,500 EXC,2012
,WP,690 Enduro R,2012
,WP,690 SMC R,2012
,WP,1190 RC8,2010
,WP,1190 RC8 R,2010
,WP,1190 RC8,2011
,WP,1190 RC8 R,2011
,WP,1190 RC8 R Track,2011
,WP,1190 RC8 R,2012
,WP,1190 RC8 R Track,2012
,WP,Beta RR 2T 125,2019
,WP,Beta RR 2T 125,2020
,WP,Honda CBR1000RR,2009
,WP,Honda CBR1000RR,2010
,WP,Honda CBR1000RR,2011
,WP,Honda CBR1000RR,2012
,WP,Honda CBR1000RR,2013
,WP,Honda CBR1000RR,2014
,WP,Honda CBR1000RR,2015
,WP,Honda CBR1000RR,2016
,WP,Honda CBR1000RR,2017
,WP,Honda CBR600RR,2012
,WP,Honda CBR600RR,2013
,WP,Honda CBR600RR,2014
,WP,Honda CBR600RR,2015
,WP,Honda CBR600RR,2016
,WP,Honda CBR600RR,2017
,WP,$M-CBR600RR,2018
,WP,Honda CRF250R,2015
,WP,Honda CRF250R,2016
,WP,Honda CRF250R,2017
,WP,Honda CRF250R,2018
,WP,Honda CRF250R,2019
,WP,Honda CRF250R,2020
,WP,Honda CRF250R,2021
,WP,Honda CRF250R,2022
,WP,Honda CRF250R,2024
,WP,Honda CRF250R,2025
,WP,Honda CRF450R,2015
,WP,Honda CRF450R,2016
,WP,Honda CRF450R,2017
,WP,Honda CRF450R,2018
,WP,Honda CRF450R,2019
,WP,Honda CRF450R,2020
,WP,Honda CRF450R,2021
,WP,Honda CRF450R,2022
,WP,Honda CRF450R,2024
,WP,Honda CRF450R,2025
,WP,Triumph Daytona 675,2012
,WP,Triumph Daytona 675,2013
,WP,Triumph Daytona 675,2014
,WP,Triumph Daytona 675,2015
,WP,Triumph Daytona 675,2016
,WP,Triumph Daytona 675,2017
,WP,MC-E 5,2021
,WP,MC 50,2021
,WP,MC 65,2021
,WP,MC 85,2021
,WP,MC-E 5,2023
,WP,MC 50,2023
,WP,MC 65,2023
,WP,MC 85 17/14,2023
,WP,MC 85 19/16,2023
,WP,TXE,2020
,WP,TXE,2021
,WP,MC 125,2021
,WP,MC 125,2023
,WP,TXT GP 125,2020
,WP,TXT RACING 125,2021
,WP,TXT GP 125,2021
,WP,MC 250F,2021
,WP,MC 250F,2023
,WP,EC 250F,2021
,WP,EC 250F,2022
,WP,EC 250F,2023
,WP,EX 250F,2021
,WP,EX 250F,2023
,WP,MC 250F Factory Edition,2023
,WP,MC 450F,2021
,WP,MC 250,2023
,WP,MC 450F,2023
,WP,MC 350F,2023
,WP,TXT GP 250,2020
,WP,TXT GP 280,2020
,WP,EC 250,2021
,WP,EC 350F,2021
,WP,TXT RACING 250,2021
,WP,TXT RACING 280,2021
,WP,TXT GP 250,2021
,WP,TXT GP 280,2021
,WP,EC 350F,2022
,WP,EC 250,2023
,WP,EC 350F,2023
,WP,EC 350F,2024
,WP,EX 350F,2021
,WP,EX 450F,2021
,WP,EX 350F,2023
,WP,EX 450F,2023
,WP,EX 250,2023
,WP,MC 450F Factory Edition,2023
,WP,TXT GP 300,2020
,WP,EC 300,2021
,WP,TXT RACING 300,2021
,WP,TXT GP 300,2021
,WP,EC 300,2023
,WP,EX 300,2027
,WP,EX 300,2021
,WP,EX 300,2023
,WP,ES 700,2022
,WP,ES 700,2023
,WP,SM 700,2023
,WP,ES 700,2024
,WP,Svartpilen 125,2021
,WP,Svartpilen 125,2023
,WP,Svartpilen 200,2021
,WP,Svartpilen 200,2023
,WP,Svartpilen 250,2021
,WP,Svartpilen 250,2023
,WP,Vitpilen 401,2026
,WP,Vitpilen 401,2021
,WP,Svartpilen 401,2021
,WP,Vitpilen 401,2023
,WP,Svartpilen 401,2023
,WP,TC 50,2027
,WP,TC 65,2027
,WP,TC 85 17/14,2027
,WP,TC 85 19/16,2027
,WP,TC 85 17/14,2015
,WP,TC 85 19/16,2015
,WP,TC 85 17/14,2016
,WP,TC 85 19/16,2016
,WP,TC 50,2017
,WP,TC 65,2017
,WP,TC 85 17/14,2017
,WP,TC 85 19/16,2017
,WP,TC 50,2018
,WP,TC 65,2018
,WP,TC 85 17/14,2018
,WP,TC 85 19/16,2018
,WP,TC 50,2019
,WP,TC 65,2019
,WP,TC 85 17/14,2019
,WP,TC 85 19/16,2019
,WP,TC 50,2020
,WP,TC 50 Mini,2020
,WP,TC 65,2020
,WP,TC 85 17/14,2020
,WP,TC 85 19/16,2020
,WP,TC 50,2021
,WP,TC 65,2021
,WP,TC 85 17/14,2021
,WP,TC 85 19/16,2021
,WP,TC 50,2022
,WP,TC 50 Mini,2022
,WP,TC 65,2022
,WP,TC 85 17/14,2022
,WP,TC 85 19/16,2022
,WP,TC 50,2023
,WP,TC 50 Mini,2023
,WP,TC 65,2023
,WP,TC 85 17/14,2023
,WP,TC 85 19/16,2023
,WP,TC 85 17/14,2026
,WP,TC 85 19/16,2026
,WP,TC 125,2027
,WP,FC 250,2014
,WP,TC 125,2015
,WP,FC 250,2015
,WP,TC 125,2016
,WP,FC 250,2016
,WP,TC 125,2017
,WP,FC 250,2017
,WP,FX 250,2017
,WP,TC 125,2018
,WP,FC 250,2018
,WP,TC 125,2019
,WP,FC 250,2019
,WP,TC 125,2020
,WP,FC 250,2020
,WP,TC 125,2021
,WP,FC 250,2021
,WP,TC 125,2022
,WP,FC 250,2022
,WP,TC 125,2023
,WP,FC 250,2023
,WP,TC 125 Heritage,2023
,WP,FC 250 Heritage,2023
,WP,FE 250,2015
,WP,TE 125,2015
,WP,FE 250,2016
,WP,TE 125,2016
,WP,FE 250,2017
,WP,TX 125,2017
,WP,FE 250,2018
,WP,TX 125,2018
,WP,FE 250,2019
,WP,TX 125,2019
,WP,FE 250,2020
,WP,TE 150i,2020
,WP,FE 250,2021
,WP,TE 150i,2021
,WP,FE 250,2023
,WP,TE 150,2023
,WP,TE 150,2017
,WP,TE 150,2018
,WP,TE 150,2019
,WP,FC 250 Factory Edition,2026
,WP,FC 250,2027
,WP,FC 350,2014
,WP,FC 350,2015
,WP,FC 350,2016
,WP,FC 350,2017
,WP,FX 350,2017
,WP,FC 350,2018
,WP,FX 350,2018
,WP,FC 350,2019
,WP,FX 350,2019
,WP,FC 350,2020
,WP,FX 350,2020
,WP,FC 350,2021
,WP,FX 350,2021
,WP,FC 350,2022
,WP,FX 350,2022
,WP,FC 350,2023
,WP,FC 350 Heritage,2023
,WP,FX 350 Heritage,2023
,WP,FX 350,2023
,WP,FE 350,2015
,WP,FE 350,2016
,WP,FE 350,2017
,WP,FE 350,2018
,WP,FE 350,2019
,WP,FE 350,2020
,WP,FE 350,2021
,WP,FE 350,2023
,WP,FE 350s,2015
,WP,FE 350s,2016
,WP,FE 350s,2020
,WP,FE 350s,2021
,WP,FE 350s,2023
,WP,TC 250,2027
,WP,FC 350,2027
,WP,TC 250,2014
,WP,TC 250,2015
,WP,TC 250,2016
,WP,TC 250,2017
,WP,FX 450,2017
,WP,TC 250,2018
,WP,FX 450,2018
,WP,TC 250,2019
,WP,FX 450,2019
,WP,TC 250,2020
,WP,FX 450,2020
,WP,TC 250,2021
,WP,FX 450,2021
,WP,TC 250,2022
,WP,FX 450,2022
,WP,TC 250,2023
,WP,TC 250 Heritage,2023
,WP,FX 450,2023
,WP,FX 450 Heritage,2023
,WP,FS 450,2015
,WP,FE 450,2015
,WP,TE 250,2015
,WP,FS 450,2016
,WP,FE 450,2016
,WP,TE 250,2016
,WP,FS 450,2017
,WP,FE 450,2017
,WP,TE 250 EFI,2017
,WP,TE 250,2017
,WP,FS 450,2018
,WP,FE 450,2018
,WP,TE 250i,2018
,WP,FS 450,2019
,WP,FE 450,2019
,WP,TE 250i,2019
,WP,FE 450,2020
,WP,TE 250i,2020
,WP,FS 450,2021
,WP,FE 450,2021
,WP,TE 250i,2021
,WP,FS 450,2023
,WP,FE 450,2023
,WP,TE 250,2018
,WP,TE 250,2019
,WP,TC 300,2027
,WP,FC 450,2027
,WP,FC 450,2014
,WP,FC 450,2015
,WP,FC 450,2016
,WP,FC 450,2017
,WP,TX 300,2017
,WP,FC 450,2018
,WP,TX 300,2018
,WP,FC 450,2019
,WP,TX 300,2019
,WP,FC 450,2020
,WP,TX 300i,2020
,WP,FC 450,2021
,WP,TX 300i,2021
,WP,FC 450,2022
,WP,TX 300i,2022
,WP,FC 450,2023
,WP,FC 450 Heritage,2023
,WP,TX 300,2023
,WP,TX 300 Heritage,2023
,WP,FE 501,2015
,WP,TE 300,2015
,WP,FE 501,2016
,WP,TE 300,2016
,WP,FE 501,2017
,WP,TE 300 EFI,2017
,WP,TE 300,2017
,WP,FE 501,2018
,WP,TE 300i,2018
,WP,FE 501,2019
,WP,TE 300i,2019
,WP,FE 501,2020
,WP,TE 300i,2020
,WP,FE 501,2021
,WP,TE 300i,2021
,WP,TE 300i Rockstar Edition,2021
,WP,FE 501,2023
,WP,FE 501 Heritage,2023
,WP,TE 300,2023
,WP,TE 300,2018
,WP,TE 300,2019
,WP,FE 501s,2015
,WP,FE 501s,2016
,WP,FC 450 Rockstar Edition,2018
,WP,FC 450 Rockstar Edition,2019
,WP,FC 450 Rockstar Edition,2020
,WP,FE 501s,2020
,WP,FE 501s,2021
,WP,FC 450 Rockstar Edition,2023
,WP,FE 501s,2023
,WP,FC 450 Factory Edition,2026
,WP,701 Supermoto,2016
,WP,701 Supermoto,2017
,WP,701 Enduro,2019
,WP,701 Enduro,2020
,WP,701 Enduro LR,2020
,WP,701 Enduro,2021
,WP,701 Enduro,2023
,WP,701 Supermoto,2023
,WP,701 Enduro,2025
,WP,701 Enduro,2027
,WP,Vitpilen 801,2026
,WP,Svartpilen 801 SE,2026
,WP,Svartpilen 801 SE,2027
,WP,Norden 901,2022
,WP,Norden 901,2023
,WP,Norden 901,2024
,WP,Norden 901 Expedition,2024
,WP,Norden 901,2026
,WP,Norden 901 Expedition,2026
,WP,Norden 901,2027
,WP,Norden 901 Expedition,2027
,WP,Freeride E-XC,2019
,WP,Freeride E-XC,2020
,WP,SX-E 5,2020
,WP,EE 5,2020
,WP,SX-E 5,2021
,WP,EE 5,2021
,WP,Freeride E-XC,2022
,WP,EE 5,2022
,WP,SX-E 5,2023
,WP,EE 5,2023
,WP,SX-E 3,2023
,WP,EE 3,2023
,WP,FREERIDE E 660W,2027
,WP,125 Duke,2026
,WP,125 Duke,2017
,WP,125 Duke,2018
,WP,125 Duke,2019
,WP,125 Duke,2023
,WP,125 Duke,2025
,WP,200 Duke,2026
,WP,200 Duke,2018
,WP,200 Duke,2019
,WP,200 Duke,2021
,WP,200 Duke,2021
,WP,200 Duke,2023
,WP,200 Duke,2023
,WP,250 Duke,2026
,WP,250 Duke,2018
,WP,250 Duke,2019
,WP,250 Duke,2021
,WP,250 Duke,2021
,WP,250 Duke,2023
,WP,390 Duke,2026
,WP,390 DUKE,2017
,WP,390 Duke,2018
,WP,390 Duke,2019
,WP,390 Duke,2021
,WP,390 Duke,2022
,WP,390 Duke,2023
,WP,125 Enduro R,2026
,WP,125 SMC R,2026
,WP,RC 125,2014
,WP,RC 125,2015
,WP,RC 125,2016
,WP,RC 125,2017
,WP,RC 125,2018
,WP,RC 125,2019
,WP,RC 125,2020
,WP,RC 125,2023
,WP,RC 200,2014
,WP,RC 200,2015
,WP,RC 200,2018
,WP,RC 200,2019
,WP,RC 200,2020
,WP,RC 200,2023
,WP,RC 250,2019
,WP,RC 250,2020
,WP,250 Adventure,2021
,WP,250 Adventure,2022
,WP,RC 250,2018
,WP,390 Enduro R,2026
,WP,390 SMC R,2026
,WP,390 Adventure R,2026
,WP,390 Adventure X,2026
,WP,RC 390,2014
,WP,RC 390,2015
,WP,RC 390 2016 (Euro 4),2016
,WP,RC 390,2017
,WP,RC 390,2018
,WP,RC 390 R,2018
,WP,RC 390,2019
,WP,RC 390 R,2019
,WP,RC 390,2020
,WP,390 Adventure,2020
,WP,RC 390 R,2020
,WP,390 Adventure,2021
,WP,390 Adventure,2022
,WP,RC 390,2023
,WP,RC 390,2021
,WP,390 Adventure 低座版,2021
,WP,RC 390 ADAC CUP,2015
,WP,RC 390 CUP,2016
,WP,RC 390,2016
,WP,50 SX,2027
,WP,65 SX,2027
,WP,85 SX 17/14,2027
,WP,85 SX 19/16,2027
,WP,50 SX,2013
,WP,85 SX 17/14,2013
,WP,85 SX 19/16,2013
,WP,50 SX,2014
,WP,85 SX 17/14,2014
,WP,85 SX 19/16,2014
,WP,50 SX,2015
,WP,50 SX Mini,2015
,WP,65 SX,2015
,WP,85 SX 17/14,2015
,WP,85 SX 19/16,2015
,WP,50 SX,2016
,WP,50 SX Mini,2016
,WP,65 SX,2016
,WP,85 SX 17/14,2016
,WP,85 SX 19/16,2016
,WP,50 SX,2017
,WP,50 SX MINI,2017
,WP,65 SX,2017
,WP,85 SX 17/14,2017
,WP,85 SX 19/16,2017
,WP,50 SX,2018
,WP,65 SX,2018
,WP,85 SX 17/14,2018
,WP,85 SX 19/16,2018
,WP,50 SX,2019
,WP,50 SX Mini,2019
,WP,65 SX,2019
,WP,85 SX 17/14,2019
,WP,85 SX 19/16,2019
,WP,50 SX,2020
,WP,50 SX Mini,2020
,WP,65 SX,2020
,WP,85 SX 17/14,2020
,WP,85 SX 19/16,2020
,WP,50 SX,2021
,WP,65 SX,2021
,WP,85 SX 17/14,2021
,WP,85 SX 19/16,2021
,WP,50 SX,2023
,WP,50 SX Mini,2023
,WP,65 SX,2023
,WP,85 SX 17/14,2023
,WP,85 SX 19/16,2023
,WP,50 SXS,2013
,WP,85 SXS 17/14,2013
,WP,50 SXS,2014
,WP,85 SXS 17/14,2014
,WP,50 SXS,2015
,WP,65 SXS,2015
,WP,85 SXS 17/14,2015
,WP,85 SXS 19/16,2015
,WP,50 SXS,2016
,WP,50 SXS Mini,2016
,WP,125 SX,2027
,WP,125 SX,2015
,WP,150 SX,2015
,WP,125 SX,2016
,WP,150 SX,2016
,WP,125 SX,2017
,WP,150 SX,2017
,WP,125 SX,2018
,WP,150 SX,2018
,WP,125 SX,2019
,WP,150 SX,2019
,WP,125 SX,2020
,WP,150 SX,2020
,WP,125 SX,2021
,WP,150 SX,2021
,WP,125 SX,2023
,WP,125 XC,2027
,WP,150 XC,2015
,WP,125 XC,2021
,WP,125 XC,2023
,WP,250 SX,2027
,WP,250 SX,2013
,WP,250 SX,2015
,WP,250 SX,2016
,WP,250 SX,2017
,WP,250 XC,2017
,WP,250 SX,2018
,WP,250 SX,2019
,WP,250 SX,2020
,WP,250 SX,2021
,WP,250 SX,2023
,WP,250 XC,2027
,WP,250 XC,2015
,WP,250 XC,2016
,WP,250 XC,2018
,WP,250 XC,2019
,WP,250 XC TPI,2020
,WP,250 XC TPI,2021
,WP,250 XC,2023
,WP,300 SX,2027
,WP,300 XC,2017
,WP,300 SX,2023
,WP,300 XC,2027
,WP,300 XC,2015
,WP,300 XC,2016
,WP,300 XC,2018
,WP,300 XC,2019
,WP,300 XC TPI,2020
,WP,300 XC TPI,2021
,WP,300 XC,2023
,WP,150 XC-W,2017
,WP,125 EXC Six Days,2015
,WP,125 EXC,2015
,WP,125 EXC Factory Edition,2015
,WP,125 EXC Six Days,2016
,WP,125 EXC,2016
,WP,125 EXC Six Days,2017
,WP,125 XC-W,2017
,WP,125 EXC,2017
,WP,125 XC-W,2018
,WP,125 XC-W,2019
,WP,150 EXC TPI,2020
,WP,150 EXC TPI,2021
,WP,150 EXC,2023
,WP,150 XC-W,2018
,WP,250 XC-W,2018
,WP,150 XC-W,2019
,WP,150 XC-W TPI,2020
,WP,150 XC-W TPI,2021
,WP,150 XC-W,2023
,WP,200 EXC,2015
,WP,200 EXC,2016
,WP,200 XC-W,2015
,WP,200 XC-W,2016
,WP,250 XC-W,2017
,WP,Freeride 250 R,2014
,WP,250 EXC Six Days,2015
,WP,Freeride 250 R,2015
,WP,250 EXC,2015
,WP,250 EXC Factory Edition,2015
,WP,250 EXC Six Days,2016
,WP,Freeride 250 R,2016
,WP,250 EXC,2016
,WP,250 EXC Six Days,2017
,WP,Freeride 250 R,2017
,WP,250 EXC,2017
,WP,250 EXC TPI,2018
,WP,250 EXC Six Days TPI,2019
,WP,250 EXC TPI,2019
,WP,250 EXC Six Days TPI,2020
,WP,250 EXC TPI,2020
,WP,250 EXC TPI Six Days,2021
,WP,250 EXC TPI,2021
,WP,250 EXC Six Days,2023
,WP,250 EXC,2023
,WP,250 XC-W,2015
,WP,250 XC-W,2016
,WP,250 XC-W TPI,2018
,WP,250 XC-W,2019
,WP,250 XC-W TPI,2019
,WP,250 XC-W TPI,2020
,WP,250 XC-W TPI,2021
,WP,250 XC-W,2023
,WP,300 XC-W Six Days,2017
,WP,300 XC-W,2017
,WP,300 EXC Six Days,2015
,WP,300 EXC,2015
,WP,300 EXC Factory Edition,2015
,WP,300 EXC Six Days,2016
,WP,300 EXC,2016
,WP,300 EXC Six Days,2017
,WP,300 EXC,2017
,WP,300 EXC TPI SIX DAYS,2018
,WP,300 EXC TPI,2018
,WP,300 EXC Six Days TPI,2019
,WP,300 EXC TPI,2019
,WP,300 EXC Six Days TPI,2020
,WP,300 EXC TPI Erzberg Edition,2020
,WP,300 EXC TPI,2020
,WP,300 EXC TPI Six Days,2021
,WP,300 EXC TPI Erzbergrodeo,2021
,WP,300 EXC TPI,2021
,WP,300 EXC Erzbergrodeo,2023
,WP,300 EXC,2023
,WP,300 EXC Six Days,2019
,WP,300 EXC,2019
,WP,300 EXC,2020
,WP,300 EXC,2021
,WP,300 XC-W Six Days,2015
,WP,300 XC-W,2015
,WP,300 XC-W Six Days,2016
,WP,300 XC-W,2016
,WP,300 XC-W SIX DAYS,2018
,WP,300 XC-W,2018
,WP,300 XC-W TPI Six Days,2019
,WP,300 XC-W TPI,2019
,WP,300 XC-W Six Days TPI,2020
,WP,300 XC-W TPI,2020
,WP,300 XC-W TPI,2021
,WP,300 XC-W,2023
,WP,300 XC-W Erzbergrodeo,2023
,WP,250 SX-F,2027
,WP,250 SX-F,2015
,WP,250 SX-F,2016
,WP,250 XC-F,2017
,WP,250 SX-F,2017
,WP,250 SX-F,2018
,WP,250 SX-F,2019
,WP,250 SX-F,2020
,WP,250 SX-F,2021
,WP,250 SX-F,2023
,WP,250 EXC-F Six Days,2015
,WP,250 EXC-F Factory Edition,2015
,WP,250 EXC-F,2015
,WP,250 EXC-F Six Days,2016
,WP,250 EXC-F,2016
,WP,250 EXC-F Six Days,2017
,WP,250 EXC-F,2017
,WP,250 EXC-F SIX DAYS,2018
,WP,250 EXC-F,2018
,WP,250 EXC-F Six Days,2019
,WP,Freeride 250 F,2019
,WP,250 EXC-F,2019
,WP,250 EXC-F Six Days,2020
,WP,Freeride 250 F,2020
,WP,250 EXC-F,2020
,WP,250 EXC-F Six Days,2021
,WP,250 EXC-F,2021
,WP,250 EXC-F Six Days,2023
,WP,250 EXC-F,2023
,WP,250 XC-F,2027
,WP,250 XC-F,2015
,WP,250 SX-F Factory Edition,2015
,WP,250 XCF-W,2015
,WP,250 XC-F,2016
,WP,250 SX-F Factory Edition,2016
,WP,250 XCF-W,2016
,WP,250 SX-F Factory Edition,2017
,WP,250 XC-F,2018
,WP,250 XC-F,2019
,WP,250 XC-F,2020
,WP,250 XC-F,2021
,WP,250 XC-F,2022
,WP,250 XC-F,2023
,WP,RC 250 R,2013
,WP,RC 250 R,2014
,WP,RC 250 R,2015
,WP,RC 250 R,2016
,WP,RC 250 R,2017
,WP,350 SX-F,2027
,WP,350 SX-F,2015
,WP,350 SX-F,2016
,WP,350 XC-F,2017
,WP,350 SX-F,2017
,WP,350 SX-F,2018
,WP,350 SX-F,2019
,WP,350 SX-F,2020
,WP,350 SX-F,2021
,WP,350 SX-F,2023
,WP,Freeride 350,2014
,WP,350 EXC-F Six Days,2015
,WP,Freeride 350,2015
,WP,350 EXC-F Factory Edition,2015
,WP,350 EXC-F,2015
,WP,350 EXC-F Six Days,2016
,WP,Freeride 350,2016
,WP,350 EXC-F,2016
,WP,350 EXC-F Six Days,2017
,WP,Freeride 350,2017
,WP,350 EXC-F,2017
,WP,350 EXC-F SIX DAYS,2018
,WP,350 EXC-F,2018
,WP,350 EXC-F Six Days,2019
,WP,350 EXC-F,2019
,WP,350 EXC-F Six Days,2020
,WP,350 EXC-F,2020
,WP,350 EXC-F Six Days,2021
,WP,350 EXC-F Wess,2021
,WP,350 EXC-F,2021
,WP,350 EXC-F,2023
,WP,350 XC-F,2027
,WP,350 XC-F,2015
,WP,350 XCF-W Six Days,2015
,WP,350 XCF-W,2015
,WP,350 XC-F,2016
,WP,350 XCF-W Six Days,2016
,WP,350 XCF-W,2016
,WP,350 XC-F,2018
,WP,350 XC-F,2019
,WP,350 XC-F,2020
,WP,350 XCF-W,2020
,WP,350 XC-F,2021
,WP,350 XCF-W,2021
,WP,350 XC-F,2023
,WP,450 SX-F,2027
,WP,450 SX-F,2015
,WP,450 SX-F,2016
,WP,450 XC-F,2017
,WP,450 SX-F,2017
,WP,450 SX-F,2018
,WP,450 SX-F,2019
,WP,450 SX-F,2020
,WP,450 SX-F,2021
,WP,450 SX-F,2023
,WP,450 EXC Six Days,2015
,WP,450 EXC F-Factory Edition,2015
,WP,450 EXC,2015
,WP,450 EXC Six Days,2016
,WP,450 EXC,2016
,WP,450 EXC-F Six Days,2017
,WP,450 EXC-F,2017
,WP,450 EXC-F SIX DAYS,2018
,WP,450 EXC-F,2018
,WP,450 EXC-F Six Days,2019
,WP,450 EXC-F,2019
,WP,450 EXC-F Six Days,2020
,WP,450 EXC-F,2020
,WP,450 EXC-F Six Days,2021
,WP,450 EXC-F,2021
,WP,450 EXC-F Six Days,2023
,WP,450 EXC-F,2023
,WP,450 XC-F,2027
,WP,450 XC-F,2015
,WP,450 SX-F Factory Edition,2015
,WP,450 XC-W,2015
,WP,450 XC-F,2016
,WP,450 SX-F Factory-Edition,2016
,WP,450 XC-W,2016
,WP,450 SX-F Factory Edition,2017
,WP,450 XC-F,2018
,WP,450 SX-F Factory Edition,2018
,WP,450 XC-F,2019
,WP,450 SX-F FACTORY EDITION,2019
,WP,450 XC-F,2020
,WP,450 SX-F Factory Edition,2020
,WP,450 XC-F,2021
,WP,450 XC-F,2023
,WP,450 XCF-W,2023
,WP,500 EXC Six Days,2015
,WP,500 EXC,2015
,WP,500 EXC Six Days,2016
,WP,500 EXC,2016
,WP,500 EXC-F Six Days,2017
,WP,500 EXC-F,2017
,WP,500 EXC-F SIX DAYS,2018
,WP,500 EXC-F,2018
,WP,500 EXC-F Six Days,2019
,WP,500 EXC-F,2019
,WP,500 EXC-F Six Days,2020
,WP,500 EXC-F,2020
,WP,500 EXC-F Six Days,2021
,WP,500 EXC-F,2021
,WP,500 EXC-F Six Days,2023
,WP,500 EXC-F,2023
,WP,500 XC-W,2015
,WP,500 XC-W,2016
,WP,500 XCF-W,2020
,WP,500 XCF-W,2021
,WP,Moto 3,2019
,WP,450 Rally Replica,2027
,WP,Moto 2,2017
,WP,790 DUKE,2018
,WP,790 Duke L (A2),2018
,WP,790 Adventure,2019
,WP,790 Adventure R,2019
,WP,790 Duke,2019
,WP,790 Duke L (A2),2019
,WP,790 Adventure R,2020
,WP,790 Adventure R Rally,2020
,WP,790 Duke,2020
,WP,790 Adventure,2021
,WP,790 Adventure,2023
,WP,790 Adventure,2026
,WP,790 Duke,2026
,WP,790 Adventure R,2021
,WP,690 Duke R,2013
,WP,690 Enduro R,2013
,WP,690 SMC R,2013
,WP,690 Duke R,2014
,WP,690 Enduro R,2014
,WP,690 SMC R,2014
,WP,690 Duke R,2015
,WP,690 Enduro R,2015
,WP,690 SMC R,2015
,WP,690 Duke R,2016
,WP,690 Enduro R,2016
,WP,690 Enduro R,2019
,WP,690 SMC R,2019
,WP,890 Duke R,2020
,WP,690 Enduro R,2020
,WP,890 Duke,2021
,WP,890 Duke R,2021
,WP,890 Adventure,2021
,WP,890 Adventure R,2021
,WP,890 Adventure R Rally,2021
,WP,890 Adventure,2022
,WP,890 Adventure R,2022
,WP,890 Adventure L,2022
,WP,890 Duke R,2023
,WP,890 Adventure,2023
,WP,890 Adventure R,2023
,WP,690 Enduro R,2023
,WP,690 SMC R,2023
,WP,890 Duke GP,2023
,WP,890 Adventure,2024
,WP,890 Adventure R,2024
,WP,690 Enduro R,2025
,WP,890 Adventure R,2026
,WP,890 Adventure R Rally,2026
,WP,890 SMT,2026
,WP,890 Adventure R Rally,2027
,WP,RC 8C,2023
,WP,990 RC R Track,2027
,WP,990 RC R Track,2026
,WP,990 Duke,2026
,WP,990 Duke R,2026
,WP,990 Duke,2027
,WP,990 Adventure,2013
,WP,1390 Super Duke RR TRACK,2026
,WP,1190 RC8 R,2013
,WP,1190 RC8 R,2014
,WP,1290 Super Duke R,2014
,WP,1190 RC8 R,2015
,WP,1290 Super Duke R,2015
,WP,1050 Adventure,2015
,WP,1190 RC8 R,2016
,WP,1290 Super Duke R,2016
,WP,1050 Adventure,2016
,WP,1290 Super Duke R,2017
,WP,1290 Super Adventure S,2017
,WP,1290 Super Adventure R,2017
,WP,1290 Super Adventure T,2017
,WP,1090 Adventure,2017
,WP,1090 Adventure R,2017
,WP,1290 Super Duke GT,2017
,WP,1290 SUPER DUKE R,2018
,WP,1290 Super Duke R,2019
,WP,1290 Super Duke R,2020
,WP,1290 Super Duke R,2021
,WP,1290 Super Adventure S,2021
,WP,1290 Super Adventure R,2021
,WP,1290 Super Duke GT,2021
,WP,1290 Super Duke RR,2021
,WP,1290 Super Adventure S,2022
,WP,1290 Super Adventure R,2022
,WP,1290 Super Duke R,2023
,WP,1290 Super Duke GT,2023
,WP,1290 Super Duke R EVO,2023
,WP,1390 Super Duke R,2024
,WP,1390 Super Duke R,2025
,WP,1390 Super Duke R,2026
,WP,1390 Super Duke RR,2026
,WP,1390 Super Adventure S EVO,2027
,WP,1290 Super Adventure S,2023
,WP,1290 Super Adventure R,2023
,WP,RC 16,2017
,WP,RC 16,2018
,WP,RC16,2019
,WP,Suzuki GSX-R1000,2012
,WP,Suzuki GSX-R1000,2013
,WP,Suzuki GSX-R1000,2014
,WP,Suzuki GSX-R1000,2015
,WP,Suzuki GSX-R1000,2016
,WP,Suzuki GSX-R1000,2017
,WP,Suzuki GSX-R1000,2018
,WP,Suzuki GSX-R1000,2019
,WP,Suzuki GSX-R1000,2020
,WP,Suzuki GSX-R1000,2022
,WP,Suzuki GSX-R1000R,2017
,WP,Suzuki GSX-R1000R,2018
,WP,Suzuki GSX-R1000R,2019
,WP,Suzuki GSX-R1000R,2022
,WP,Suzuki GSX-R1000R,2020
,WP,Suzuki GSX-R600,2012
,WP,Suzuki GSX-R600,2013
,WP,Suzuki GSX-R600,2014
,WP,Suzuki GSX-R600,2015
,WP,Suzuki GSX-R600,2016
,WP,Suzuki GSX-R600,2017
,WP,Suzuki GSX-R600,2018
,WP,Suzuki GSX-R750,2012
,WP,Suzuki GSX-R750,2013
,WP,Suzuki GSX-R750,2014
,WP,Suzuki GSX-R750,2015
,WP,Kawasaki ZX-10RR,2016
,WP,Kawasaki KX 250,2016
,WP,Kawasaki KX 250,2019
,WP,Kawasaki KX 250,2020
,WP,Kawasaki KX 250,2022
,WP,Kawasaki KX 250,2024
,WP,Kawasaki KX 250,2025
,WP,Kawasaki KX 450,2018
,WP,Kawasaki KX 450,2019
,WP,Kawasaki KX 450,2020
,WP,Kawasaki KX 450,2021
,WP,Kawasaki KX 450,2022
,WP,Kawasaki KX 450,2023
,WP,Kawasaki KX 250,2015
,WP,Kawasaki KX 250,2017
,WP,Kawasaki KX 250,2018
,WP,Kawasaki KX 450,2015
,WP,Kawasaki KX 450,2016
,WP,Kawasaki KX 450,2017
,WP,Yamaha MT-09,2017
,WP,Yamaha MT-09,2018
,WP,Yamaha MT-09,2019
,WP,Yamaha MT-09,2020
,WP,Yamaha MT-09,2021
,WP,Yamaha MT-09 SP,2018
,WP,Yamaha MT-09 SP,2019
,WP,Suzuki RM-Z250,2015
,WP,Suzuki RM-Z250,2016
,WP,Suzuki RM-Z250,2017
,WP,$M-SUZUKIRMZ250,2018
,WP,Suzuki RM-Z250,2019
,WP,Suzuki RM-Z 250,2020
,WP,Suzuki RM-Z 250,2021
,WP,Suzuki RM-Z 250,2022
,WP,Suzuki RM-Z450,2015
,WP,Suzuki RM-Z450,2016
,WP,Suzuki RM-Z450,2017
,WP,Suzuki RM-Z450,2018
,WP,Suzuki RM-Z450,2019
,WP,Suzuki RM-Z 450,2020
,WP,Suzuki RM-Z 450,2021
,WP,Suzuki RM-Z 450,2022
,WP,Beta RR 2T 250,2015
,WP,Beta RR 2T 250,2016
,WP,Beta RR 2T 250,2017
,WP,$M-BETARR2T250,2018
,WP,Beta RR 2T 250,2019
,WP,Beta RR 2T 300,2015
,WP,Beta RR 2T 300,2016
,WP,$M-RR2T300,2017
,WP,$M-BETARR2T300,2018
,WP,Beta RR 2T 300,2019
,WP,Beta RR 4T 350,2015
,WP,Beta RR 4T 350,2016
,WP,$M-RR4T350,2017
,WP,$M-BETARR4T350,2018
,WP,Beta RR 4T 350,2019
,WP,Beta RR 4T 390,2015
,WP,Beta RR 4T 390,2016
,WP,$M-RR4T390,2017
,WP,$M-BETARR4T390,2018
,WP,Beta RR 4T 390,2019
,WP,$M-RR4T430,2017
,WP,$M-BETARR4T430,2018
,WP,Beta RR 4T 430,2019
,WP,Beta RR 4T 430,2015
,WP,Beta RR 4T 430,2016
,WP,Beta RR 4T 480,2015
,WP,Beta RR 4T 480,2016
,WP,$M-RR4T480,2017
,WP,$M-BETARR4T480,2018
,WP,Beta RR 4T 480,2019
,WP,BMW S 1000 R,2021
,WP,BMW S 1000 R,2022
,WP,BMW S 1000 R,2024
,WP,BMW S 1000 RR,2011
,WP,BMW S 1000 RR,2012
,WP,BMW S 1000 RR,2013
,WP,BMW S 1000 RR,2014
,WP,BMW S 1000 RR,2015
,WP,BMW S 1000 RR,2016
,WP,BMW S 1000 RR,2017
,WP,BMW S 1000 RR,2018
,WP,BMW S 1000 RR,2019
,WP,BMW S 1000 RR,2020
,WP,BMW S 1000 RR,2021
,WP,BMW S 1000 RR,2022
,WP,BMW S 1000 RR,2024
,WP,Yamaha Tracer 900,2017
,WP,Yamaha Tracer 900,2018
,WP,Yamaha Tracer 900,2019
,WP,Yamaha Tracer 900,2020
,WP,Yamaha Tracer 900,2021
,WP,Yamaha XSR900,2017
,WP,Yamaha XSR900,2018
,WP,Yamaha XSR900,2019
,WP,Yamaha XSR 900,2020
,WP,Yamaha XSR 900,2021
,WP,Yamaha YZ125,2014
,WP,Yamaha YZ125,2015
,WP,Yamaha YZ125,2016
,WP,Yamaha YZ125,2017
,WP,$M-YZ125,2018
,WP,Yamaha YZ 125,2019
,WP,Yamaha YZ 125,2020
,WP,Yamaha YZ 125,2021
,WP,Yamaha YZ 250,2016
,WP,$M-YZ250,2018
,WP,Yamaha YZ 250,2019
,WP,Yamaha YZ 250,2020
,WP,Yamaha YZ 250,2021
,WP,Yamaha YZ 250F,2015
,WP,Yamaha YZ 250F,2016
,WP,$M-YZF250,2018
,WP,Yamaha YZ 250F,2020
,WP,Yamaha YZ 450F,2020
,WP,Yamaha YZ 450F,2022
,WP,Yamaha YZ 250,2014
,WP,Yamaha YZ 250,2015
,WP,Yamaha YZ 250F,2017
,WP,Yamaha YZ 250F,2019
,WP,Yamaha YZ 450F,2015
,WP,Yamaha YZ 450F,2016
,WP,Yamaha YZ 450F,2017
,WP,Yamaha YZ 450F,2018
,WP,Yamaha YZ 450F,2019
,WP,Yamaha YZF-R1,2012
,WP,Yamaha YZF-R1,2013
,WP,Yamaha YZF-R1,2014
,WP,Yamaha YZF-R1,2015
,WP,Yamaha YZF-R1,2016
,WP,Yamaha YZF-R1,2017
,WP,Yamaha YZF-R1,2018
,WP,Yamaha YZF-R1,2019
,WP,Yamaha YZF-R1,2020
,WP,Yamaha YZF-R1,2021
,WP,Yamaha YZF-R1M,2015
,WP,Yamaha YZF-R1M,2016
,WP,Yamaha YZF-R1M,2017
,WP,Yamaha YZF-R1M,2019
,WP,Yamaha YZF-R1M,2020
,WP,Yamaha YZF-R1M,2021
,WP,Yamaha YZF-R6,2012
,WP,Yamaha YZF-R6,2013
,WP,Yamaha YZF-R6,2014
,WP,Yamaha YZF-R6,2015
,WP,Yamaha YZF-R6,2016
,WP,Yamaha YZF-R6,2017
,WP,Yamaha YZF-R6,2018
,WP,Yamaha YZF-R6,2019
,WP,Yamaha YZF-R6,2020
,WP,Yamaha YZF-R6,2021
,WP,Yamaha YZF-R 6,2022
,WP,Kawasaki ZX-10R,2012
,WP,Kawasaki ZX-10R,2013
,WP,Kawasaki ZX-10R,2014
,WP,Kawasaki ZX-10R,2015
,WP,Kawasaki ZX-10R,2016
,WP,Kawasaki ZX-10R,2017
,WP,Kawasaki ZX-10R,2018
,WP,Kawasaki ZX-10R,2019
,WP,Kawasaki ZX-10R,2020
,WP,Kawasaki ZX-10R,2021
,WP,Kawasaki ZX-10RR,2017
,WP,Kawasaki ZX-10R,2018
,WP,Kawasaki ZX-10RR,2019
,WP,Kawasaki ZX-10RR,2020
,WP,Kawasaki ZX-10RR,2021
,WP,Kawasaki ZX-6R,2012
,WP,Kawasaki ZX-6R,2013
,WP,Kawasaki ZX-6R,2014
,WP,Kawasaki ZX-6R,2015
,WP,Kawasaki ZX-6R,2016
,WP,Kawasaki ZX-6R,2017
,WP,Kawasaki ZX-6R,2018
,WP,Kawasaki ZX-6R,2019
,WP,Kawasaki ZX-6R,2020
,WP,Kawasaki ZX-6R,2022
