handle,sample_sku,sku_count
hsq-200svartpilen2020,F1103T5,11
hsq-2103l9,2103L9,1
hsq-22112922500,22112922500,1
hsq-22112923500,22112923500,1
hsq-2301j0,2301J0,1
hsq-2301k0,2301K0,1
hsq-2303dx,2303D8,2
hsq-2303e5,2303E5,1
hsq-2303f5,2303F5,1
hsq-2303g2,2303G2,1
hsq-2303g4,2303G4,1
hsq-2303h4,2303H4,1
hsq-2403e9,2403E9,1
hsq-2403g4,2403G4,1
hsq-2475k7,2475K7,1
hsq-2503e5,2503E5,1
hsq-2503f5,2503F5,1
hsq-2503g5,2503G5,1
hsq-2503h4,2503H4,1
hsq-2503h5,2503H5,1
hsq-250svartpilen2020,F1203T5,15
hsq-250vitpilen2020,F1203T1,9
hsq-3ag25003700x,3AG250037001,5
hsq-3ag250037600,3AG250037600,1
hsq-3ag250037700,3AG250037700,1
hsq-3ag250037800,3AG250037800,1
hsq-3ag250037900,3AG250037900,1
hsq-3ag250038200,3AG250038200,1
hsq-3ag250038300,3AG250038300,1
hsq-3ag250038600,3AG250038600,1
hsq-3ag250038900,3AG250038900,1
hsq-3ag250039000,3AG250039000,1
hsq-3ag250039200,3AG250039200,1
hsq-3ag250039300,3AG250039300,1
hsq-3ag250039400,3AG250039400,1
hsq-3ag250040000,3AG250040000,1
hsq-3ag250040100,3AG250040100,1
hsq-3ag250040200,3AG250040200,1
hsq-3ag250040300,3AG250040300,1
hsq-3ag250040400,3AG250040400,1
hsq-3ag250040500,3AG250040500,1
hsq-3ag250040600,3AG250040600,1
hsq-3ag250040700,3AG250040700,1
hsq-3ag250040800,3AG250040800,1
hsq-3ag250040900,3AG250040900,1
hsq-3ag250041000,3AG250041000,1
hsq-3ag250041100,3AG250041100,1
hsq-3hs1470600,3HS1470600,1
hsq-3hs1829200/0x,3HS1829200/01,12
hsq-3hs1829200/1x,3HS1829200/11,12
hsq-3hs19991001x,3HS199910012,3
hsq-3hs25001080x,3HS250010802,6
hsq-401svartpilen2018,F2303R2,3
hsq-401svartpilen2020,F1303T5,18
hsq-401vitpilen2018,F2303R1,2
hsq-401vitpilen2020,F1303T1,19
hsq-701enduro2016,F2603P1,3
hsq-701enduro2017,F2603Q1,2
hsq-701enduro2018,F2603R1,3
hsq-701enduro2019,F2603S1,2
hsq-701enduro2020,F2603T1,2
hsq-701enduro2021,F2603U1,2
hsq-701enduro2022,F2603V1,2
hsq-701enduro2023,F2603W1,2
hsq-701enduro2024,F2603X1,2
hsq-701enduro2026,F2603Z1,3
hsq-701endurolr2020,F2603T2,2
hsq-701supermoto2016,F2603P3,3
hsq-701supermoto2017,F2603Q3,2
hsq-701supermoto2018,F2603R3,3
hsq-701supermoto2019,F2603S3,2
hsq-701supermoto2020,F2603T3,2
hsq-701supermoto2021,F2603U3,2
hsq-701supermoto2022,F2603V3,2
hsq-701supermoto2023,F2603W3,2
hsq-701supermoto2024,F2603X3,2
hsq-701supermoto2026,F2603Z3,3
hsq-701svartpilen2020,F2603T5,4
hsq-701vitpilen2018,F2603R4,2
hsq-701vitpilen2020,F2603T6,3
hsq-79001939031,79001939031,1
hsq-79001939041,79001939041,1
hsq-801svartpilen2024,2787X2_FTI,8
hsq-8120800100020,8120800100020,1
hsq-a43030105033,A43030105033,1
hsq-a43030160000,A43030160000,1
hsq-a47005979010,A47005979010,1
hsq-a47005979030,A47005979030,1
hsq-a47005979050,A47005979050,1
hsq-a49005981010,A49005981010,1
hsq-ee1122023,F3003WF,3
hsq-ee1162023,F3003WG,3
hsq-ee1202023,F3003WI,2
hsq-ee22025,F3001Y8,2
hsq-f1003yx,F1003Y5,2
hsq-f2001427,F2001427,1
hsq-f2001627,F2001627,1
hsq-f2001827,F2001827,1
hsq-f2001927,F2001927,1
hsq-f2001n8,F2001N8,1
hsq-f2001n9,F2001N9,1
hsq-f2001o8,F2001O8,1
hsq-f2001o9,F2001O9,1
hsq-f2001p8,F2001P8,1
hsq-f2001p9,F2001P9,1
hsq-f2001q4,F2001Q4,1
hsq-f2001q6,F2001Q6,1
hsq-f2001q8,F2001Q8,1
hsq-f2001q9,F2001Q9,1
hsq-f2001r4,F2001R4,1
hsq-f2001r5,F2001R5,1
hsq-f2001r6,F2001R6,1
hsq-f2001r8,F2001R8,1
hsq-f2001r9,F2001R9,1
hsq-f2001s4,F2001S4,1
hsq-f2001s5,F2001S5,1
hsq-f2001s6,F2001S6,1
hsq-f2001s8,F2001S8,1
hsq-f2001s9,F2001S9,1
hsq-f2001t4,F2001T4,1
hsq-f2001t5,F2001T5,1
hsq-f2001t6,F2001T6,1
hsq-f2001t8,F2001T8,1
hsq-f2001t9,F2001T9,1
hsq-f2001u4,F2001U4,1
hsq-f2001u5,F2001U5,1
hsq-f2001u6,F2001U6,1
hsq-f2001u8,F2001U8,1
hsq-f2001u9,F2001U9,1
hsq-f2001v4,F2001V4,1
hsq-f2001v5,F2001V5,1
hsq-f2001v6,F2001V6,1
hsq-f2001v8,F2001V8,1
hsq-f2001v9,F2001V9,1
hsq-f2001w4,F2001W4,1
hsq-f2001w5,F2001W5,1
hsq-f2001w6,F2001W6,1
hsq-f2001w8,F2001W8,1
hsq-f2001w9,F2001W9,1
hsq-f2001x4,F2001X4,1
hsq-f2001x6,F2001X6,1
hsq-f2001x8,F2001X8,1
hsq-f2001x9,F2001X9,1
hsq-f2001y4,F2001Y4,1
hsq-f2001y6,F2001Y6,1
hsq-f2001y8,F2001Y8,1
hsq-f2001y9,F2001Y9,1
hsq-f2001z4,F2001Z4,1
hsq-f2001z6,F2001Z6,1
hsq-f2001z8,F2001Z8,1
hsq-f2001z9,F2001Z9,1
hsq-f2101027,F2101027,1
hsq-f2101n0,F2101N0,1
hsq-f2101n1,F2101N1,1
hsq-f2101o0,F2101O0,1
hsq-f2101p0,F2101P0,1
hsq-f2101p1,F2101P1,1
hsq-f2101q0,F2101Q0,1
hsq-f2101q1,F2101Q1,1
hsq-f2101r0,F2101R0,1
hsq-f2101r1,F2101R1,1
hsq-f2101s0,F2101S0,1
hsq-f2101s1,F2101S1,1
hsq-f2101t0,F2101T0,1
hsq-f2101t1,F2101T1,1
hsq-f2101u0,F2101U0,1
hsq-f2101v0,F2101V0,1
hsq-f2101w0,F2101W0,1
hsq-f2101y0,F2101Y0,1
hsq-f2101y2,F2101Y2,1
hsq-f2101y3,F2101Y3,1
hsq-f2101y4,F2101Y4,1
hsq-f2101z1,F2101Z1,1
hsq-f2103m9,F2103M9,1
hsq-f2103n9,F2103N9,1
hsq-f2103q9,F2103Q9,1
hsq-f2103r9,F2103R9,1
hsq-f2103s9,F2103S9,1
hsq-f2103t4,F2103T4,1
hsq-f2103u4,F2103U4,1
hsq-f2103w5,F2103W5,1
hsq-f2103y4,F2103Y4,1
hsq-f2103y5,F2103Y5,1
hsq-f2103y8,F2103Y8,1
hsq-f2103z4,F2103Z4,1
hsq-f2103z8,F2103Z8,1
hsq-f2175q9,F2175Q9,1
hsq-f2175r9,F2175R9,1
hsq-f2175s9,F2175S9,1
hsq-f2175v2,F2175V2,1
hsq-f2175x2,F2175X2,1
hsq-f2175y6,F2175Y6,1
hsq-f2175z6,F2175Z6,1
hsq-f2175z9,F2175Z9,1
hsq-f2201n1,F2201N1,1
hsq-f2201o1,F2201O1,1
hsq-f2201p1,F2201P1,1
hsq-f2201q1,F2201Q1,1
hsq-f2201q6,F2201Q6,1
hsq-f2201r1,F2201R1,1
hsq-f2201r6,F2201R6,1
hsq-f2201s1,F2201S1,1
hsq-f2201s6,F2201S6,1
hsq-f2201t1,F2201T1,1
hsq-f2201t6,F2201T6,1
hsq-f2201u6,F2201U6,1
hsq-f2201v6,F2201V6,1
hsq-f2201wx,F2201W6,2
hsq-f2201x6,F2201X6,1
hsq-f2203u8,F2203U8,1
hsq-f2203v8,F2203V8,1
hsq-f2203y5,F2203Y5,1
hsq-f2203y7,F2203Y7,1
hsq-f2203z5,F2203Z5,1
hsq-f2275o4,F2275O4,1
hsq-f2275p4,F2275P4,1
hsq-f2275t4,F2275T4,1
hsq-f2275u4,F2275U4,1
hsq-f2275v4,F2275V4,1
hsq-f2275w4,F2275W4,1
hsq-f2275x4,F2275X4,1
hsq-f2275x6,F2275X6,1
hsq-f2275y2,F2275Y2,1
hsq-f2275y3,F2275Y3,1
hsq-f2275y4,F2275Y4,1
hsq-f2275y8,F2275Y8,1
hsq-f2275z2,F2275Z2,1
hsq-f2275z4,F2275Z4,1
hsq-f2301127,F2301127,1
hsq-f2301n1,F2301N1,1
hsq-f2301o1,F2301O1,1
hsq-f2301p1,F2301P1,1
hsq-f2301q1,F2301Q1,1
hsq-f2301q6,F2301Q6,1
hsq-f2301r1,F2301R1,1
hsq-f2301r6,F2301R6,1
hsq-f2301s1,F2301S1,1
hsq-f2301s6,F2301S6,1
hsq-f2301t1,F2301T1,1
hsq-f2301t6,F2301T6,1
hsq-f2301u1,F2301U1,1
hsq-f2301u6,F2301U6,1
hsq-f2301v1,F2301V1,1
hsq-f2301v6,F2301V6,1
hsq-f2301w1,F2301W1,1
hsq-f2301wx,F2301W6,2
hsq-f2301x1,F2301X1,1
hsq-f2301x6,F2301X6,1
hsq-f2301y1,F2301Y1,1
hsq-f2301y2,F2301Y2,1
hsq-f2301z1,F2301Z1,1
hsq-f2303o0,F2303O0,1
hsq-f2303p0,F2303P0,1
hsq-f2303q0,F2303Q0,1
hsq-f2303r0,F2303R0,1
hsq-f2303s0,F2303S0,1
hsq-f2303t0,F2303T0,1
hsq-f2303t4,F2303T4,1
hsq-f2303u0,F2303U0,1
hsq-f2303u4,F2303U4,1
hsq-f2303v0,F2303V0,1
hsq-f2303v4,F2303V4,1
hsq-f2303w0,F2303W0,1
hsq-f2303x0,F2303X0,1
hsq-f2303y6,F2303Y6,1
hsq-f2303z0,F2303Z0,1
hsq-f2399s1,F2399S1,1
hsq-f2399t1,F2399T1,1
hsq-f2399w1,F2399W1,1
hsq-f2399x1,F2399X1,1
hsq-f2399y1,F2399Y1,1
hsq-f2401227,F2401227,1
hsq-f2401n1,F2401N1,1
hsq-f2401p1,F2401P1,1
hsq-f2401q1,F2401Q1,1
hsq-f2401q5,F2401Q5,1
hsq-f2401r1,F2401R1,1
hsq-f2401r5,F2401R5,1
hsq-f2401s1,F2401S1,1
hsq-f2401s5,F2401S5,1
hsq-f2401t1,F2401T1,1
hsq-f2401t5,F2401T5,1
hsq-f2401u5,F2401U5,1
hsq-f2401v5,F2401V5,1
hsq-f2401wx,F2401W5,2
hsq-f2401x5,F2401X5,1
hsq-f2401y2,F2401Y2,1
hsq-f2401y3,F2401Y3,1
hsq-f2401z1,F2401Z1,1
hsq-f2403r7,F2403R7,1
hsq-f2403u8,F2403U8,1
hsq-f2403x4,F2403X4,1
hsq-f2403y4,F2403Y4,1
hsq-f2403y5,F2403Y5,1
hsq-f2403z4,F2403Z4,1
hsq-f2475o4,F2475O4,1
hsq-f2475p4,F2475P4,1
hsq-f2475r1,F2475R1,1
hsq-f2475s1,F2475S1,1
hsq-f2475t1,F2475T1,1
hsq-f2475t4,F2475T4,1
hsq-f2475u4,F2475U4,1
hsq-f2475v1,F2475V1,1
hsq-f2475v4,F2475V4,1
hsq-f2475w1,F2475W1,1
hsq-f2475w4,F2475W4,1
hsq-f2475x1,F2475X1,1
hsq-f2475x4,F2475X4,1
hsq-f2475x6,F2475X6,1
hsq-f2475y1,F2475Y1,1
hsq-f2475y3,F2475Y3,1
hsq-f2475y4,F2475Y4,1
hsq-f2475yb,F2475YB,1
hsq-f2475yc,F2475YC,1
hsq-f2475yd,F2475YD,1
hsq-f2475z1,F2475Z1,1
hsq-f2475z3,F2475Z3,1
hsq-f2475z4,F2475Z4,1
hsq-f2603s7,F2603S7,1
hsq-f2675127,F2675127,1
hsq-f2703y6,F2703Y6,1
hsq-f2703yx,F2703Y4,2
hsq-f2703z2,F2703Z2,1
hsq-f2775227,F2775227,1
hsq-f2875127,F2875127,1
hsq-f2875227,F2875227,1
hsq-f3001t7,F3001T7,1
hsq-f3001u7,F3001U7,1
hsq-f3001v7,F3001V7,1
hsq-f3001w7,F3001W7,1
hsq-f3001w9,F3001W9,1
hsq-f3001x7,F3001X7,1
hsq-f3001x8,F3001X8,1
hsq-f3001x9,F3001X9,1
hsq-f3001y7,F3001Y7,1
hsq-fc2502015,F2101O1,2
hsq-fc2502021,F2101U1,2
hsq-fc2502022,F2101V1,2
hsq-fc2502023,F2101W1,2
hsq-fc2502024,F2101X1,2
hsq-fc2502025,F2101Y1,2
hsq-fc2502027,F2201127,2
hsq-fc3502021,F2201U1,2
hsq-fc3502022,F2201V1,2
hsq-fc3502023,F2201W1,2
hsq-fc3502024,F2201X1,2
hsq-fc3502025,F2201Y1,2
hsq-fc3502027,F2301427,2
hsq-fc4502015,F2401O1,2
hsq-fc4502021,F2401U1,2
hsq-fc4502022,F2401V1,2
hsq-fc4502023,F2401W1,2
hsq-fc4502024,F2401X1,2
hsq-fc4502025,F2401Y1,3
hsq-fc4502027,F2401527,2
hsq-fc450e2006,2303F3,3
hsq-fe2502013,F2103M3,3
hsq-fe2502014,F2103N3,3
hsq-fe2502015,F2103O4,3
hsq-fe2502016,F2103P4,3
hsq-fe2502017,F2103Q4,3
hsq-fe2502018,F2103R4,3
hsq-fe2502019,F2103S4,3
hsq-fe2502022,2187V4_CFMOTO,3
hsq-fe2502023,2187W4_CFMOTO,3
hsq-fe2502024,2187X4_CFMOTO,3
hsq-fe3502013,F2203M3,3
hsq-fe3502014,F2203N3,3
hsq-fe3502015,F2203O4,3
hsq-fe3502016,F2203P4,3
hsq-fe3502017,F2203Q4,3
hsq-fe3502018,F2203R4,3
hsq-fe3502019,F2203S4,3
hsq-fe3502020,F2203T4,2
hsq-fe3502021,F2203U4,2
hsq-fe3502022,F2203V4,2
hsq-fe3502023,F2203W4,3
hsq-fe3502024,2288X4_FTI,4
hsq-fe3502025,F2203Y4,2
hsq-fe3502026,F2203Z4,2
hsq-fe350pro2024,F2203X5,2
hsq-fe3902010,2203J3,3
hsq-fe3902011,2203K3,3
hsq-fe3902012,2203L3,2
hsq-fe4502009,2303I3,3
hsq-fe4502010,2303J3,3
hsq-fe4502011,2303K3,3
hsq-fe4502012,2303L3,2
hsq-fe4502013,F2303M3,3
hsq-fe4502014,F2303N3,2
hsq-fe4502015,F2303O4,3
hsq-fe4502016,F2303P4,3
hsq-fe4502017,F2303Q4,3
hsq-fe4502018,F2303R4,3
hsq-fe4502019,F2303S4,3
hsq-fe4502023,F2303W4,2
hsq-fe4502024,F2303X4,2
hsq-fe4502025,F2303Y4,2
hsq-fe4502026,F2303Z4,2
hsq-fe450e2005,2303E3,3
hsq-fe450e2007,2303G3,3
hsq-fe450e2008,2303H3,3
hsq-fe450h2025,F2303Y5,2
hsq-fe5012013,F2403M3,3
hsq-fe5012014,F2403N3,3
hsq-fe5012015,F2403O4,3
hsq-fe5012016,F2403P4,3
hsq-fe5012017,F2403Q4,3
hsq-fe5012018,F2403R4,3
hsq-fe5012019,F2403S4,3
hsq-fe5012020,F2403T4,2
hsq-fe5012021,F2403U4,2
hsq-fe5012022,F2403V4,2
hsq-fe5012023,F2403W4,2
hsq-fe550e2005,2403E2,3
hsq-fe550e2006,2403F2,4
hsq-fe550e2007,2403G2,3
hsq-fe550e2008,2403H3,3
hsq-fe5702009,2403I3,3
hsq-fe5702010,2403J3,3
hsq-fe5702011,2403K3,3
hsq-fe5702012,2403L3,2
hsq-fe650c2007,2503G3,2
hsq-fe650e2005,2503E3,3
hsq-fe650e2006,2503F3,2
hsq-fe650e2008,2503H3,2
hsq-fs450e2005,2303E4,2
hsq-fs450e2006,2303F4,2
hsq-fs5702010,2403J0,2
hsq-fs5702011,2403K0,2
hsq-fs650e2005,2503E4,2
hsq-fs650e2006,2503F4,2
hsq-fs650e2007,2503G4,2
hsq-hqv180002at,HQV180002AT,23
hsq-hqv180004xx,HQV180004DE,6
hsq-hsfunct,3HS192540X,2
hsq-norden9012022,F2803V1,3
hsq-norden9012023,F2803W1,5
hsq-norden9012024,2887X1_FTI,9
hsq-norden9012025,F2803Y1,2
hsq-norden9012026,F2803Z1,3
hsq-norden901exp2023,F2803W2,2
hsq-norden901exp2024,2887X2_FTI,5
hsq-norden901exp2025,F2803Y2,3
hsq-norden901exp2026,F2803Z2,3
hsq-pioneer2025,F3003Y2,2
hsq-skutta2024,F3003X5,3
hsq-svartpilen1252021,F1003U5,3
hsq-svartpilen1252022,F1003V5,5
hsq-svartpilen1252023,F1003W5,3
hsq-svartpilen1252024,F1003X5,5
hsq-svartpilen2002021,F1103U5,6
hsq-svartpilen2002022,F1103V5,11
hsq-svartpilen2002023,F1103W5,5
hsq-svartpilen2502021,F1203U5,6
hsq-svartpilen2502022,F1203V5,10
hsq-svartpilen2502023,F1203W5,5
hsq-svartpilen2502024,F1203X5,7
hsq-svartpilen2502025,F1202Y5,4
hsq-svartpilen4012019,F2303S2,3
hsq-svartpilen4012021,F1303U5,12
hsq-svartpilen4012022,F1303V5,17
hsq-svartpilen4012023,F1303W5,11
hsq-svartpilen4012024,F1303X5,16
hsq-svartpilen4012025,00JU0R6P,11
hsq-svartpilen4012026,F1302Z6,5
hsq-svartpilen7012019,F2603S5,2
hsq-svartpilen8012025,F2703Y2,2
hsq-tc1252026,F2101Z0,2
hsq-te1252015,F2103O8,2
hsq-te1252016,F2103P8,2
hsq-te1502023,F2103W9,2
hsq-te1502024,F2103X9,2
hsq-te1502025,F2103Y9,2
hsq-te150i2020,F2103T9,2
hsq-te150i2021,F2103U9,2
hsq-te150i2022,F2103V9,2
hsq-te2502011,2303K9,2
hsq-te2502012,2303L9,3
hsq-te2502013,F2303M9,3
hsq-te2502014,F2303N9,3
hsq-te2502015,F2303O8,3
hsq-te2502016,F2303P8,3
hsq-te2502017,F2303Q8,3
hsq-te2502018,F2360R8,2
hsq-te2502023,2387W7_CFMOTO,4
hsq-te2502024,2387X7_CFMOTO,4
hsq-te2502025,2387Y7_CFMOTO,4
hsq-te2502026,F2303Z7,2
hsq-te250i2018,F2303R7,2
hsq-te250i2019,F2303S7,2
hsq-te250i2020,F2303T7,2
hsq-te250i2021,F2303U7,2
hsq-te250i2022,2387V7_CFMOTO,3
hsq-te3002011,2403K9,2
hsq-te3002012,2403L9,3
hsq-te3002013,F2403M9,3
hsq-te3002014,F2403N9,3
hsq-te3002015,F2403O8,3
hsq-te3002016,F2403P8,3
hsq-te3002017,F2403Q8,3
hsq-te3002018,F2460R8,2
hsq-te3002023,F2403W7,3
hsq-te3002024,F2403X7,3
hsq-te3002025,F2403Y7,3
hsq-te3002026,F2403Z7,2
hsq-te300h2025,F2403Y6,2
hsq-te300i2019,F2403S7,2
hsq-te300i2020,F2403T7,2
hsq-te300i2021,F2403U7,2
hsq-te300i2022,F2403V7,3
hsq-te300ijarvisedition2020,F2403T8,2
hsq-te300ire2022,F2403V8,2
hsq-te300pro2024,F2403X8,2
hsq-te300pro2025,F2403Y8,4
hsq-te300pro2026,F2403Z8,3
hsq-vitpilen1252024,F1003X1,4
hsq-vitpilen1252025,F1003Y1,3
hsq-vitpilen250dummy2024,VITPILEN250DUMMY2024,1
hsq-vitpilen4012019,F2303S1,2
hsq-vitpilen4012021,F1303U1,14
hsq-vitpilen4012022,F1303V1,17
hsq-vitpilen4012023,F1303W1,7
hsq-vitpilen4012024,F1303X1,14
hsq-vitpilen4012025,F1302Y2,8
hsq-vitpilen4012026,F1302Z2,3
hsq-vitpilen7012019,F2603S4,2
hsq-vitpilen8012025,F2703Y1,4
hsq-vitpilen8012026,F2703Z1,2
